-- Generated by scripts/generate-seed.ts, do not edit by hand.
-- Run after supabase/migrations/0001_init.sql.

insert into public.spots
  (id, name, category, area, lat, lng, price_band, price_estimate, blurb, tags,
   hours, address, phone, website, booking_url, photos, rating, review_count,
   sort_order, updated_at, google_place_id)
values
  ('truth', 'Truth Coffee Roasting', 'eat', 'citybowl', -33.92819, 18.4226889, 2, 'R55–90 pp', 'Cathedral-like steampunk roastery pulling some of the best espresso in the city. Come for the coffee, stay for the theatre.', array['coffee', 'industrial', 'work-friendly']::text[], '{"mon":[{"open":"07:00","close":"22:00"}],"tue":[{"open":"07:00","close":"22:00"}],"wed":[{"open":"07:00","close":"22:00"}],"thu":[{"open":"07:00","close":"22:00"}],"fri":[{"open":"07:00","close":"22:00"}],"sat":[{"open":"07:00","close":"22:00"}],"sun":[{"open":"08:00","close":"22:00"}]}'::jsonb, '36 Buitenkant St, Cape Town City Centre, Cape Town, 8000', '+27 21 201 7000', 'https://www.truth.capetown/', null, '{}'::text[], 4.5, 5809, 0, '2026-07-22', 'ChIJk0_6kHxnzB0R9hOYtdW5I_s'),
  ('kloof', 'Kloof Street House', 'eat', 'citybowl', -33.9282119, 18.412091699999998, 3, 'R180–320 pp', 'A candle-lit Victorian house with a fairy-lit garden: the go-to for a special, slightly bohemian dinner.', array['romantic', 'garden', 'dinner']::text[], '{"mon":[{"open":"11:00","close":"24:00"}],"tue":[{"open":"10:00","close":"24:00"}],"wed":[{"open":"10:00","close":"24:00"}],"thu":[{"open":"10:00","close":"24:00"}],"fri":[{"open":"10:00","close":"24:00"}],"sat":[{"open":"10:00","close":"24:00"}],"sun":[{"open":"10:00","close":"24:00"}]}'::jsonb, '30 Kloof St, Gardens, Cape Town, 8005', '+27 21 423 4413', 'http://www.kloofstreethouse.co.za/', null, '{}'::text[], 4.4, 5586, 1, '2026-07-22', 'ChIJ_Tc00XFnzB0R1TIppn46x4I'),
  ('superette', 'Superette', 'eat', 'woodstock', -33.9265137, 18.4460905, 1, 'R60–110 pp', 'Bright corner café inside the Woodstock arts precinct with seasonal salads, sandwiches and excellent baking.', array['brunch', 'light lunch', 'local']::text[], '{"mon":[{"open":"08:00","close":"15:30"}],"tue":[{"open":"08:00","close":"15:30"}],"wed":[{"open":"08:00","close":"15:30"}],"thu":[{"open":"08:00","close":"15:30"}],"fri":[{"open":"08:00","close":"15:30"}],"sat":[{"open":"08:00","close":"15:30"}],"sun":[]}'::jsonb, '66 Albert Rd, Woodstock, Cape Town, 7915', '+27 21 447 5352', null, null, '{}'::text[], 4.3, 424, 2, '2026-07-22', 'ChIJK6aeaJldzB0RV9QjxQrqqbs'),
  ('kalkfish', 'Kalk Bay Harbour Fish & Chips', 'eat', 'muizenberg', -34.1290494, 18.4488229, 1, 'R70–120 pp', 'Fresh line-fish and chips eaten off the harbour wall while the seals beg. Peak lowkey Cape Town.', array['seafood', 'casual', 'harbour']::text[], '{"mon":[{"open":"10:00","close":"19:00"}],"tue":[{"open":"10:00","close":"19:00"}],"wed":[{"open":"10:00","close":"19:00"}],"thu":[{"open":"10:00","close":"19:00"}],"fri":[{"open":"10:00","close":"19:00"}],"sat":[{"open":"10:00","close":"19:00"}],"sun":[{"open":"10:00","close":"19:00"}]}'::jsonb, 'Harbour, Cape Town, 7990', '+27 21 788 1726', 'https://www.eatout.co.za/venue/kalkys/', null, '{}'::text[], 4.2, 2460, 3, '2026-07-22', 'ChIJ8SkpLY1BzB0RMPl2PmlbuTg'),
  ('bootlegger', 'Bootlegger Coffee Co.', 'eat', 'seapoint', -33.9197462, 18.385467, 1, 'R45–85 pp', 'Reliable neighbourhood roaster: plug in, order a flat white and a bacon-and-egg roll, and settle in.', array['coffee', 'laptop-friendly', 'breakfast']::text[], '{"mon":[{"open":"06:30","close":"17:00"}],"tue":[{"open":"06:30","close":"17:00"}],"wed":[{"open":"06:30","close":"17:00"}],"thu":[{"open":"06:30","close":"17:00"}],"fri":[{"open":"06:30","close":"17:00"}],"sat":[{"open":"07:00","close":"17:00"}],"sun":[{"open":"07:00","close":"17:00"}]}'::jsonb, '39 Regent Rd, Sea Point, Cape Town, 8060', '+27 21 434 0060', 'https://ourcafes.bootlegger.coffee/FoodDrink-CapeTown-BootleggerXSSeaPoint', null, '{}'::text[], 4.2, 956, 4, '2026-07-22', 'ChIJ6TdBjCFnzB0RM8gdI-9aXEs'),
  ('ontherocks', 'On the Rocks', 'eat', 'blouberg', -33.8005721, 18.4586361, 3, 'R220–380 pp', 'White-linen seafood right on the Bloubergstrand rocks: breakers under the window, Table Mountain across the bay.', array['seafood', 'sea views', 'special occasion']::text[], '{"mon":[{"open":"09:00","close":"21:00"}],"tue":[{"open":"09:00","close":"21:00"}],"wed":[{"open":"09:00","close":"21:00"}],"thu":[{"open":"09:00","close":"21:00"}],"fri":[{"open":"09:00","close":"21:00"}],"sat":[{"open":"09:00","close":"21:00"}],"sun":[{"open":"09:00","close":"21:00"}]}'::jsonb, '45 Stadler Rd, Bloubergstrand, Cape Town, 7441', '+27 21 554 1988', 'http://www.ontherocks.co.za/', null, '{}'::text[], 4.3, 4332, 5, '2026-07-22', 'ChIJKx5cP2L1zB0RHlcsDjHf1W4'),
  ('yourstruly', 'Yours Truly', 'bars', 'citybowl', -33.9302078, 18.4109002, 2, 'R60–120 pp', 'Buzzy Kloof Street bar-café with a rooftop, craft beers on tap and a permanently good-time crowd.', array['lively', 'craft beer', 'young crowd']::text[], '{"mon":[{"open":"07:00","close":"24:00"}],"tue":[{"open":"07:00","close":"24:00"}],"wed":[{"open":"07:00","close":"24:00"}],"thu":[{"open":"07:00","close":"24:00"}],"fri":[{"open":"07:00","close":"24:00"}],"sat":[{"open":"07:00","close":"24:00"}],"sun":[{"open":"07:00","close":"24:00"}]}'::jsonb, '73 Kloof St, Schotsche Kloof, Cape Town, 8001', '+27 69 572 4837', 'http://www.allyoursco.com/', null, '{}'::text[], 4.3, 2729, 6, '2026-07-22', 'ChIJrd6WymhnzB0RtAbmT_Q9mhc'),
  ('causeeffect', 'Cause|Effect Cocktail Bar', 'bars', 'waterfront', -33.9052339, 18.4192207, 2, 'R90–150 pp', 'Cape brandy bar with inventive cocktails and a warm, low-lit room: a proper grown-up night out.', array['cocktails', 'brandy', 'date night']::text[], '{"mon":[{"open":"09:00","close":"01:00"}],"tue":[{"open":"09:00","close":"01:00"}],"wed":[{"open":"09:00","close":"01:00"}],"thu":[{"open":"09:00","close":"01:00"}],"fri":[{"open":"09:00","close":"01:00"}],"sat":[{"open":"09:00","close":"01:00"}],"sun":[{"open":"09:00","close":"01:00"}]}'::jsonb, 'The Rocket Shed, 280 Dock Rd, Victoria & Alfred Waterfront, Cape Town, 8001', '+27 21 879 0855', 'http://causeandeffect.co.za/', null, '{}'::text[], 4.2, 1804, 7, '2026-07-22', 'ChIJMSWE43FnzB0Rjil_wEY8TfA'),
  ('sundowners', 'Camps Bay Sundowner Deck', 'bars', 'campsbay', -33.9516, 18.3781, 3, 'R120–220 pp', 'Cocktail in hand, feet toward the Twelve Apostles, sun melting into the Atlantic. The classic Cape Town sundowner.', array['sunset', 'sea views', 'glamorous']::text[], '{"mon":[{"open":"11:00","close":"23:00"}],"tue":[{"open":"11:00","close":"23:00"}],"wed":[{"open":"11:00","close":"23:00"}],"thu":[{"open":"11:00","close":"23:00"}],"fri":[{"open":"11:00","close":"23:00"}],"sat":[{"open":"11:00","close":"23:00"}],"sun":[{"open":"11:00","close":"23:00"}]}'::jsonb, 'Victoria Rd, Camps Bay', '+27 21 438 0000', null, null, '{}'::text[], 4.6, 1980, 8, '2026-07-11', null),
  ('bluepeter', 'The Blue Peter Hotel', 'bars', 'blouberg', -33.7963172, 18.458799499999998, 2, 'R90–160 pp', 'Pizza and a cold one on the sloping lawn while the sun drops behind Robben Island. Blouberg''s sundowner institution for decades.', array['sundowners', 'lawn', 'institution']::text[], '{"mon":[{"open":"11:00","close":"23:00"}],"tue":[{"open":"11:00","close":"23:00"}],"wed":[{"open":"11:00","close":"23:00"}],"thu":[{"open":"11:00","close":"23:00"}],"fri":[{"open":"11:00","close":"23:00"}],"sat":[{"open":"11:00","close":"23:00"}],"sun":[{"open":"11:00","close":"23:00"}]}'::jsonb, '8 Popham St, Bloubergstrand, Cape Town, 7436', '+27 21 554 1956', 'http://www.bluepeter.co.za/', null, '{}'::text[], 4.3, 7286, 9, '2026-07-22', 'ChIJGcz1jWP1zB0RwIR_FQAKMX4'),
  ('tablemtn', 'Table Mountain (Platteklip / Cableway)', 'outdoor', 'tablemtn', -33.9553849, 18.4157838, 0, 'Free hike · R395 cable return', 'Hike Platteklip Gorge or ride the rotating cable car to the top of the city’s flat-topped icon. Endless views both ways.', array['hiking', 'views', 'iconic']::text[], '{"mon":[{"open":"00:00","close":"24:00"}],"tue":[{"open":"00:00","close":"24:00"}],"wed":[{"open":"00:00","close":"24:00"}],"thu":[{"open":"00:00","close":"24:00"}],"fri":[{"open":"00:00","close":"24:00"}],"sat":[{"open":"00:00","close":"24:00"}],"sun":[{"open":"00:00","close":"24:00"}]}'::jsonb, 'Tafelberg Rd, Table Mountain (Nature Reserve), Cape Town, 8001', '+27 76 381 9710', 'https://platteklipgorge.co.za/', null, '{}'::text[], 4.7, 1761, 10, '2026-07-22', 'ChIJ_2wa9o1nzB0R64vZmO-aVvg'),
  ('lionshead', 'Lion’s Head Sunset Hike', 'outdoor', 'citybowl', -33.9368154, 18.3948401, 0, 'Free', 'A spiralling 45–60 min climb to a 360° summit. Locals do it on full-moon nights with headlamps.', array['hiking', 'sunset', '360° views']::text[], '{"mon":[{"open":"00:00","close":"24:00"}],"tue":[{"open":"00:00","close":"24:00"}],"wed":[{"open":"00:00","close":"24:00"}],"thu":[{"open":"00:00","close":"24:00"}],"fri":[{"open":"00:00","close":"24:00"}],"sat":[{"open":"00:00","close":"24:00"}],"sun":[{"open":"00:00","close":"24:00"}]}'::jsonb, 'Signal Hill Rd, Signal Hill, Cape Town, 8001', '+27 81 762 5551', 'http://www.hikelionshead.co.za/', null, '{}'::text[], 4.8, 3104, 11, '2026-07-22', 'ChIJ3c0kTQRnzB0RHyTnI5OYSd4'),
  ('campsbeach', 'Camps Bay Beach', 'outdoor', 'campsbay', -33.9506605, 18.3776413, 0, 'Free', 'Wide white sand under the mountains, lined with palms and cafés. Cold Atlantic water, unbeatable backdrop.', array['beach', 'palm-lined', 'people-watching']::text[], '{"mon":[{"open":"00:00","close":"24:00"}],"tue":[{"open":"00:00","close":"24:00"}],"wed":[{"open":"00:00","close":"24:00"}],"thu":[{"open":"00:00","close":"24:00"}],"fri":[{"open":"00:00","close":"24:00"}],"sat":[{"open":"00:00","close":"24:00"}],"sun":[{"open":"00:00","close":"24:00"}]}'::jsonb, 'Camps Bay Beach, Cape Town, 8005', null, null, null, '{}'::text[], 4.7, 2244, 12, '2026-07-22', 'ChIJuUZtdVNmzB0R-7OvUK-IBzE'),
  ('boulders', 'Boulders Beach Penguins', 'outdoor', 'muizenberg', -34.1956153, 18.4503585, 1, 'R95 entry', 'A boardwalk through a colony of wild African penguins on a sheltered, boulder-strewn beach in Simon’s Town.', array['penguins', 'family', 'boardwalk']::text[], '{"mon":[{"open":"08:00","close":"18:30"}],"tue":[{"open":"08:00","close":"18:30"}],"wed":[{"open":"08:00","close":"18:30"}],"thu":[{"open":"08:00","close":"18:30"}],"fri":[{"open":"08:00","close":"18:30"}],"sat":[{"open":"08:00","close":"18:30"}],"sun":[{"open":"08:00","close":"18:30"}]}'::jsonb, 'Simon''s Town, Cape Town, 7995', '+27 21 786 2329', 'https://www.sanparks.org/parks/table_mountain/tourism/attractions.php#boulders', null, '{}'::text[], 4.6, 28543, 13, '2026-07-22', 'ChIJKeByCDY-zB0RECn0gAHgvHw'),
  ('seapointprom', 'Sea Point Promenade', 'outdoor', 'seapoint', -33.9117056, 18.3884009, 0, 'Free', 'A 3km paved seafront promenade: walk, run, skate or just watch the waves crash and the sun go down.', array['walk', 'ocean', 'sunset run']::text[], '{"mon":[{"open":"00:00","close":"24:00"}],"tue":[{"open":"00:00","close":"24:00"}],"wed":[{"open":"00:00","close":"24:00"}],"thu":[{"open":"00:00","close":"24:00"}],"fri":[{"open":"00:00","close":"24:00"}],"sat":[{"open":"00:00","close":"24:00"}],"sun":[{"open":"00:00","close":"24:00"}]}'::jsonb, 'Sea Point Promenade, Cape Town, 8005', null, null, null, '{}'::text[], 4.6, 4100, 14, '2026-07-22', 'ChIJPbtn3yRnzB0RlkvEzyY2FMs'),
  ('bloubergbeach', 'Bloubergstrand Beach', 'outdoor', 'blouberg', -33.8246357, 18.4775347, 0, 'Free', 'The postcard itself: Table Mountain rising across the bay, kites carving the horizon and long white sand for lazy walks. Windy, and worth it.', array['postcard view', 'kitesurfing', 'walks']::text[], '{"mon":[{"open":"00:00","close":"24:00"}],"tue":[{"open":"00:00","close":"24:00"}],"wed":[{"open":"00:00","close":"24:00"}],"thu":[{"open":"00:00","close":"24:00"}],"fri":[{"open":"00:00","close":"24:00"}],"sat":[{"open":"00:00","close":"24:00"}],"sun":[{"open":"00:00","close":"24:00"}]}'::jsonb, 'Bloubergstrand Beach, 2 Marine Dr, Table View, Cape Town, 7441', null, null, null, '{}'::text[], 4.6, 2677, 15, '2026-07-22', 'ChIJkZEvSQpfzB0Rfg2XVG32CvM'),
  ('surf', 'Muizenberg Surf Lesson', 'classes', 'muizenberg', -34.107826599999996, 18.4704731, 2, 'R450 · 2h group', 'Gentle beach-break and warm-ish water make Muizenberg the friendliest place in the country to catch a first wave.', array['learn to surf', 'beginner', 'wetsuit incl.']::text[], '{"mon":[{"open":"07:30","close":"17:30"}],"tue":[{"open":"07:30","close":"17:30"}],"wed":[{"open":"07:30","close":"17:30"}],"thu":[{"open":"07:30","close":"17:30"}],"fri":[{"open":"07:30","close":"17:30"}],"sat":[{"open":"07:30","close":"17:30"}],"sun":[{"open":"07:30","close":"17:30"}]}'::jsonb, 'Surfers Corner, 72 Beach Rd, Muizenberg, Cape Town, 7945', '+27 21 788 8687', 'https://surfemporium.co.za/', null, '{}'::text[], 4.7, 292, 16, '2026-07-22', 'ChIJAym3sVZAzB0Rkrtalkql8Z0'),
  ('pottery', 'Woodstock Pottery Class', 'classes', 'woodstock', -33.929949, 18.450709, 2, 'R550 · 2.5h', 'Get your hands muddy at the wheel in a light-filled studio. Leave your piece to be fired and collect it later.', array['hands-on', 'date idea', 'wheel throwing']::text[], '{"mon":[{"open":"18:00","close":"21:00"}],"tue":[{"open":"18:00","close":"21:00"}],"wed":[{"open":"09:30","close":"12:30"},{"open":"18:00","close":"21:00"}],"thu":[{"open":"18:00","close":"21:00"}],"fri":[{"open":"09:30","close":"12:30"}],"sat":[{"open":"10:00","close":"13:00"}],"sun":[]}'::jsonb, '196 Victoria Rd, Woodstock, Cape Town, 7925', '+27 73 414 7777', 'http://www.clayhands.co.za/', null, '{}'::text[], 4.9, 42, 17, '2026-07-22', 'ChIJq-s09MddzB0Rpq-a9FanD0o'),
  ('capemalay', 'Cape Malay Cooking Class (Bo-Kaap)', 'classes', 'bokaap', -33.925619999999995, 18.411279999999998, 3, 'R750 · half day', 'Roll roti and cook a fragrant curry in a family home in the Bo-Kaap, then sit down and eat the feast you made.', array['cooking', 'culture', 'you eat it']::text[], '{"mon":[{"open":"00:00","close":"24:00"}],"tue":[{"open":"00:00","close":"24:00"}],"wed":[{"open":"00:00","close":"24:00"}],"thu":[{"open":"00:00","close":"24:00"}],"fri":[{"open":"00:00","close":"24:00"}],"sat":[{"open":"00:00","close":"24:00"}],"sun":[{"open":"00:00","close":"24:00"}]}'::jsonb, '67A Jordaan St, Schotsche Kloof, Cape Town, 8001', '+27 21 422 0113', 'https://www.getyourguide.com/cape-town-l103/cape-town-cape-malay-cooking-class-in-bo-kaap-t344546/?partner_id=PCP3E0Y&currency=USD&travel_agent=1&cmp=share_to_earn', null, '{}'::text[], 5, 1, 18, '2026-07-22', 'ChIJ7UiTVQBnzB0RmIN2Zy0Ro5U'),
  ('kitesurf', 'Kite Beach Kitesurfing Lesson', 'classes', 'blouberg', -33.8146623, 18.4723765, 3, 'R950–1400 / lesson', 'Learn the city''s signature sport where the south-easter howls. Beach schools handle gear, radios and patience; you bring the stoke.', array['adrenaline', 'summer wind', 'bucket list']::text[], '{"mon":[{"open":"09:00","close":"18:00"}],"tue":[{"open":"09:00","close":"18:00"}],"wed":[{"open":"09:00","close":"18:00"}],"thu":[{"open":"09:00","close":"18:00"}],"fri":[{"open":"09:00","close":"18:00"}],"sat":[{"open":"09:00","close":"18:00"}],"sun":[{"open":"09:00","close":"18:00"}]}'::jsonb, '68 Beach Blvd, Table View, Cape Town, 7439', '+27 75 049 3822', 'https://www.high-five.co.za/', null, '{}'::text[], 4.8, 269, 19, '2026-07-22', 'ChIJb6UFtJ1fzB0RVCUGlgeOcw4'),
  ('signalhill', 'Signal Hill Sunset', 'chill', 'citybowl', -33.9194855, 18.400778, 0, 'Free', 'Drive right up, spread a blanket, crack something cold and watch the sun drop behind the sea. Zero effort, huge payoff.', array['picnic', 'sunset', 'low effort']::text[], '{"mon":[{"open":"00:00","close":"24:00"}],"tue":[{"open":"00:00","close":"24:00"}],"wed":[{"open":"00:00","close":"24:00"}],"thu":[{"open":"00:00","close":"24:00"}],"fri":[{"open":"00:00","close":"24:00"}],"sat":[{"open":"00:00","close":"24:00"}],"sun":[{"open":"00:00","close":"24:00"}]}'::jsonb, 'Signal Hill, Cape Town, 8001', null, null, null, '{}'::text[], 4.7, 3200, 20, '2026-07-22', 'ChIJLxZ_ThBnzB0RUlKaEktSTbg'),
  ('obscafe', 'A Hidden Obs Book Café', 'chill', 'obs', -33.9374, 18.4642, 1, 'R40–80 pp', 'Mismatched armchairs, second-hand books and bottomless filter coffee in bohemian Observatory. Bring a notebook.', array['quiet', 'books', 'slow morning']::text[], '{"mon":[],"tue":[{"open":"09:00","close":"16:00"}],"wed":[{"open":"09:00","close":"16:00"}],"thu":[{"open":"09:00","close":"16:00"}],"fri":[{"open":"09:00","close":"16:00"}],"sat":[{"open":"09:00","close":"16:00"}],"sun":[{"open":"09:00","close":"16:00"}]}'::jsonb, 'Lower Main Rd, Observatory', '+27 21 447 5590', null, null, '{}'::text[], 4.4, 290, 21, '2026-07-11', null),
  ('zeitz', 'Zeitz MOCAA', 'arts', 'waterfront', -33.908411799999996, 18.4226404, 2, 'R240 entry', 'Africa’s largest contemporary art museum, carved out of a historic grain silo. Worth it for the building alone.', array['contemporary art', 'architecture', 'Africa']::text[], '{"mon":[{"open":"10:00","close":"18:00"}],"tue":[{"open":"10:00","close":"18:00"}],"wed":[{"open":"10:00","close":"18:00"}],"thu":[{"open":"10:00","close":"18:00"}],"fri":[{"open":"10:00","close":"18:00"}],"sat":[{"open":"10:00","close":"18:00"}],"sun":[{"open":"10:00","close":"18:00"}]}'::jsonb, 'S Arm Rd, Victoria & Alfred Waterfront, Cape Town, 8001', '+27 87 350 4777', 'https://zeitzmocaa.museum/', null, '{}'::text[], 4.4, 5557, 22, '2026-07-22', 'ChIJ3dD0bFlnzB0RGBEddr2FeY8'),
  ('biscuitmill', 'Old Biscuit Mill Market', 'arts', 'woodstock', -33.9273136, 18.457449999999998, 1, 'R50–150 pp', 'A Saturday-morning maze of food stalls, makers and design shops. Go early and go hungry.', array['food market', 'saturday', 'crafts']::text[], '{"mon":[{"open":"10:00","close":"16:00"}],"tue":[{"open":"10:00","close":"16:00"}],"wed":[{"open":"10:00","close":"16:00"}],"thu":[{"open":"10:00","close":"16:00"}],"fri":[{"open":"10:00","close":"16:00"}],"sat":[{"open":"10:00","close":"16:00"}],"sun":[{"open":"10:00","close":"16:00"}]}'::jsonb, '373 Albert Rd, Woodstock, Cape Town, 7925', '+27 21 486 5999', 'https://theoldbiscuitmill.co.za/', null, '{}'::text[], 4.4, 7722, 23, '2026-07-22', 'ChIJmb1qtKZdzB0RQGPrsOVHzDk'),
  ('bokaapwalk', 'Bo-Kaap Streets & Photos', 'arts', 'bokaap', -33.9193, 18.4131, 0, 'Free', 'Cobbled streets of vivid painted houses on the slopes above the city: Cape Malay heritage and the most photogenic block in town.', array['heritage', 'colourful', 'walk']::text[], '{"mon":[{"open":"00:00","close":"24:00"}],"tue":[{"open":"00:00","close":"24:00"}],"wed":[{"open":"00:00","close":"24:00"}],"thu":[{"open":"00:00","close":"24:00"}],"fri":[{"open":"00:00","close":"24:00"}],"sat":[{"open":"00:00","close":"24:00"}],"sun":[{"open":"00:00","close":"24:00"}]}'::jsonb, 'Chiappini & Wale St, Bo-Kaap', null, null, null, '{}'::text[], 4.7, 6100, 24, '2026-07-11', null),
  ('aquarium', 'Two Oceans Aquarium', 'family', 'waterfront', -33.908031699999995, 18.4176607, 2, 'R255 adult · R120 kids', 'Where the Atlantic meets the Indian Ocean, indoors: a kelp forest, a predator tank and a kids’ play zone.', array['kids', 'rainy day', 'sharks']::text[], '{"mon":[{"open":"09:30","close":"18:00"}],"tue":[{"open":"09:30","close":"18:00"}],"wed":[{"open":"09:30","close":"18:00"}],"thu":[{"open":"09:30","close":"18:00"}],"fri":[{"open":"09:30","close":"18:00"}],"sat":[{"open":"09:00","close":"18:00"}],"sun":[{"open":"09:00","close":"18:00"}]}'::jsonb, 'Dock Rd, Victoria & Alfred Waterfront, Cape Town, 8002', '+27 21 418 3823', 'https://www.aquarium.co.za/', null, '{}'::text[], 4.6, 25028, 25, '2026-07-22', 'ChIJfeaqwlpnzB0Rl2i0iRvp6SI'),
  ('constantiapicnic', 'Constantia Wine Farm Picnic', 'family', 'constantia', -34.0413676, 18.416912399999998, 3, 'R350 pp picnic', 'Sprawling vineyard lawns where grown-ups taste and kids run wild. Pre-book a picnic basket and claim a tree.', array['picnic', 'wine', 'lawns for kids']::text[], '{"mon":[{"open":"08:00","close":"16:00"}],"tue":[{"open":"08:00","close":"16:00"}],"wed":[{"open":"08:00","close":"16:00"}],"thu":[{"open":"08:00","close":"16:00"}],"fri":[{"open":"08:00","close":"16:00"}],"sat":[{"open":"08:00","close":"16:00"}],"sun":[]}'::jsonb, 'Buitenverwachting, Klein Constantia Rd, Constantia, Cape Town, 7806', '+27 21 794 5191', 'http://www.buitenverwachting.com/', null, '{}'::text[], 4.6, 443, 26, '2026-07-22', 'ChIJDa4TTrZpzB0Rjaba2KrVSt4'),
  ('doodles', 'Doodles Beachfront', 'family', 'blouberg', -33.8100641, 18.4690717, 2, 'R90–160 pp', 'A big, easy beachfront diner across from the sand: milkshakes, burgers and sunset views while the kids count kitesurfers.', array['kids', 'burgers', 'beachfront']::text[], '{"mon":[{"open":"09:00","close":"23:00"}],"tue":[{"open":"09:00","close":"23:00"}],"wed":[{"open":"09:00","close":"23:00"}],"thu":[{"open":"09:00","close":"23:00"}],"fri":[{"open":"09:00","close":"23:00"}],"sat":[{"open":"09:00","close":"23:00"}],"sun":[{"open":"09:00","close":"23:00"}]}'::jsonb, '110 Beach Blvd, Bloubergstrand, Cape Town, 7441', '+27 21 554 1080', 'https://doodles.co.za/', null, '{}'::text[], 4.3, 6887, 27, '2026-07-22', 'ChIJ__wQMDxfzB0R_dTsPP9csjQ'),
  ('ons-huisie-restaurant', 'Ons Huisie Restaurant', 'eat', 'blouberg', -33.7995838, 18.4589335, 2, 'R120–250 pp', 'Fish, seafood and classic local dishes in a historic beachside house with views of Robben Island.', array['restaurant']::text[], '{"mon":[{"open":"09:00","close":"22:00"}],"tue":[{"open":"09:00","close":"22:00"}],"wed":[{"open":"09:00","close":"22:00"}],"thu":[{"open":"09:00","close":"22:00"}],"fri":[{"open":"09:00","close":"22:00"}],"sat":[{"open":"09:00","close":"22:00"}],"sun":[{"open":"09:00","close":"22:00"}]}'::jsonb, 'Stadler Rd, Bloubergstrand, Cape Town, 7441', '+27 21 554 1553', 'https://onshuisie.co.za/', null, '{}'::text[], 4.2, 8602, 28, '2026-07-22', 'ChIJg2gUtWP1zB0RRLPLZ5BYZas'),
  ('damhuis-restaurant', 'Damhuis Restaurant', 'eat', 'blouberg', -33.7286375, 18.4398431, 2, 'R120–250 pp', 'Restaurant in Melkbosstrand.', array['breakfast restaurant', 'historical landmark', 'historical place']::text[], '{"mon":[],"tue":[{"open":"12:00","close":"21:00"}],"wed":[{"open":"12:00","close":"21:00"}],"thu":[{"open":"12:00","close":"21:00"}],"fri":[{"open":"09:00","close":"21:00"}],"sat":[{"open":"09:00","close":"21:00"}],"sun":[{"open":"09:00","close":"15:00"}]}'::jsonb, '32 Beach Rd, Melkbosstrand, Cape Town, 7437', '+27 21 553 0093', 'https://www.diedamhuis.co.za/', null, '{}'::text[], 4.5, 6320, 29, '2026-07-22', 'ChIJo-ztW6X0zB0Rew4TImHqKeE'),
  ('jerrys-burger-bar-blouberg', 'Jerry''s Burger Bar Blouberg', 'eat', 'blouberg', -33.8228541, 18.4777435, 2, 'R120–250 pp', 'Hamburger Restaurant in Bloubergstrand.', array['hamburger restaurant', 'american restaurant', 'restaurant']::text[], '{"mon":[{"open":"11:00","close":"23:00"}],"tue":[{"open":"11:00","close":"23:00"}],"wed":[{"open":"11:00","close":"23:00"}],"thu":[{"open":"11:00","close":"23:00"}],"fri":[{"open":"11:00","close":"23:00"}],"sat":[{"open":"11:00","close":"23:00"}],"sun":[{"open":"11:00","close":"23:00"}]}'::jsonb, '1st Floor, Portico Building, 1 Athens Rd, Bloubergstrand, Cape Town, 7439', '+27 21 556 0852', 'http://www.jerrysburgerbar.co.za/', null, '{}'::text[], 4.4, 5726, 30, '2026-07-22', 'ChIJScKo1xBfzB0Rt2eDeYtViNU'),
  ('seat-restaurant', 'Seat Restaurant', 'eat', 'blouberg', -33.7919811, 18.4572139, 2, 'R120–250 pp', 'Restaurant in Big Bay.', array['restaurant', 'family restaurant']::text[], '{"mon":[{"open":"08:30","close":"22:00"}],"tue":[{"open":"08:30","close":"22:00"}],"wed":[{"open":"08:30","close":"22:00"}],"thu":[{"open":"08:30","close":"22:00"}],"fri":[{"open":"08:30","close":"22:00"}],"sat":[{"open":"08:30","close":"22:00"}],"sun":[{"open":"08:30","close":"22:00"}]}'::jsonb, 'Big Bay Blvd, Big Bay, Cape Town, 7441', '+27 21 879 3322', 'http://www.seatrestaurant.com/', null, '{}'::text[], 4.1, 2444, 31, '2026-07-22', 'ChIJpStIAWb1zB0R__UBUqxRQVY'),
  ('petiscos', 'Petiscos', 'eat', 'blouberg', -33.8183484, 18.4965461, 2, 'R120–250 pp', 'Portuguese Restaurant in Parklands.', array['portuguese restaurant', 'restaurant']::text[], '{"mon":[],"tue":[{"open":"12:00","close":"23:00"}],"wed":[{"open":"12:00","close":"23:00"}],"thu":[{"open":"12:00","close":"23:00"}],"fri":[{"open":"12:00","close":"23:00"}],"sat":[{"open":"12:00","close":"23:00"}],"sun":[{"open":"12:00","close":"17:00"}]}'::jsonb, 'Parklands Main Road, Cavalier Centre, Parklands, Cape Town, 7441', '+27 21 557 3311', 'http://www.petiscos.co.za/', null, '{}'::text[], 4.6, 2260, 32, '2026-07-22', 'ChIJaSbaLRVfzB0RTQWBktL1jFY'),
  ('cape-town-fish-market-bloubergstrand', 'Cape Town Fish Market Bloubergstrand', 'eat', 'blouberg', -33.7883084, 18.4573467, 2, 'R120–250 pp', 'Airy, modern seafood restaurant serving sushi & fresh fish, as well as grilled dishes.', array['seafood restaurant', 'sushi restaurant', 'family restaurant']::text[], '{"mon":[{"open":"11:00","close":"23:00"}],"tue":[{"open":"11:00","close":"23:00"}],"wed":[{"open":"11:00","close":"23:00"}],"thu":[{"open":"11:00","close":"23:00"}],"fri":[{"open":"11:00","close":"23:30"}],"sat":[{"open":"11:00","close":"23:30"}],"sun":[{"open":"11:00","close":"23:00"}]}'::jsonb, 'Shop 42, Seaside Village, Cnr Otto Du Plessis Rd &, Cormorant Ave, Big Bay, Cape Town, 7441', '+27 21 879 4142', 'https://www.ctfm.co.za/', null, '{}'::text[], 4.2, 2129, 33, '2026-07-22', 'ChIJyU4U0271zB0Ruu4VOiUmXnU'),
  ('ou-meul-melkbosstrand', 'Ou Meul Melkbosstrand', 'eat', 'blouberg', -33.7356177, 18.4561807, 2, 'R120–250 pp', 'Restaurant in Melkbosstrand.', array['restaurant']::text[], '{"mon":[{"open":"07:00","close":"18:00"}],"tue":[{"open":"07:00","close":"18:00"}],"wed":[{"open":"07:00","close":"18:00"}],"thu":[{"open":"07:00","close":"18:00"}],"fri":[{"open":"07:00","close":"18:00"}],"sat":[{"open":"07:00","close":"18:00"}],"sun":[{"open":"08:00","close":"17:00"}]}'::jsonb, 'r27 W Coast Rd, Melkbosstrand, Cape Town, 7441', '+27 21 553 7074', 'https://oumeul.co.za/', null, '{}'::text[], 4.3, 1439, 34, '2026-07-22', 'ChIJR8wABCz1zB0RnQwcxc5-kV0'),
  ('portalia-pizzeria-deli', 'Portalia Pizzeria & Deli', 'eat', 'blouberg', -33.818977, 18.5031486, 2, 'R120–250 pp', 'Pizza Restaurant in Table View.', array['pizza restaurant', 'restaurant']::text[], '{"mon":[{"open":"16:00","close":"21:00"}],"tue":[{"open":"12:00","close":"22:00"}],"wed":[{"open":"12:00","close":"22:00"}],"thu":[{"open":"12:00","close":"22:00"}],"fri":[{"open":"12:00","close":"22:00"}],"sat":[{"open":"12:00","close":"22:00"}],"sun":[]}'::jsonb, 'Hadjidakis Centre Cnr Raats Dr. &, Janssens Avenue, Table View, Cape Town, 7441', '+27 21 557 7280', 'https://www.portalia.co.za/', null, '{}'::text[], 4.5, 940, 35, '2026-07-22', 'ChIJOV4CGD9fzB0RP-K0QMMzT1g'),
  ('romans-pizza-milnerton', 'Roman''s Pizza Milnerton', 'eat', 'blouberg', -33.8622959, 18.5031888, 2, 'R120–250 pp', 'Pizza chain offering traditional and specialty pies cooked to order for takeaway or home delivery.', array['pizza restaurant', 'fast food restaurant', 'pizza delivery']::text[], '{"mon":[{"open":"10:00","close":"21:00"}],"tue":[{"open":"10:00","close":"21:00"}],"wed":[{"open":"10:00","close":"21:00"}],"thu":[{"open":"10:00","close":"21:00"}],"fri":[{"open":"10:00","close":"21:00"}],"sat":[{"open":"10:00","close":"21:00"}],"sun":[{"open":"10:00","close":"20:00"}]}'::jsonb, 'Shop 33, The Paddocks Shopping Centre Cnr Grand National Boulevard &, Racecourse Rd, Milnerton, Cape Town, 7435', '+27 21 551 8680', 'https://romanspizza.co.za/store-locator/f0389830-4466-44d3-b70d-b1e7aa1f0fd6?utm_source=google-places&utm_medium=search&utm_campaign=romans-pizza-milnerton', null, '{}'::text[], 4.1, 822, 36, '2026-07-22', 'ChIJe02ainFOzB0RZds9N33QxNI'),
  ('copper-club-sandown', 'Copper Club - Sandown', 'eat', 'blouberg', -33.7997084, 18.479281099999998, 2, 'R120–250 pp', 'Restaurant in West Beach.', array['restaurant']::text[], '{"mon":[{"open":"11:00","close":"23:00"}],"tue":[{"open":"11:00","close":"23:00"}],"wed":[{"open":"11:00","close":"23:00"}],"thu":[{"open":"11:00","close":"23:00"}],"fri":[{"open":"11:00","close":"23:00"}],"sat":[{"open":"11:00","close":"23:00"}],"sun":[{"open":"11:00","close":"18:00"}]}'::jsonb, '104 Sandown Rd, West Beach, Cape Town, 7441', '+27 21 203 1561', 'https://coppercollection.co.za/', null, '{}'::text[], 4.4, 599, 37, '2026-07-22', 'ChIJ6ah0AlVfzB0RIh9StRHmAI0'),
  ('bootlegger-sandown-retail-crossing', 'Bootlegger Sandown Retail Crossing', 'eat', 'blouberg', -33.7996103, 18.5011983, 2, 'R120–250 pp', 'Coffee Shop in Milnerton Rural.', array['coffee shop', 'coffee roastery', 'cafe']::text[], '{"mon":[{"open":"07:00","close":"20:00"}],"tue":[{"open":"07:00","close":"20:00"}],"wed":[{"open":"07:00","close":"20:00"}],"thu":[{"open":"07:00","close":"20:00"}],"fri":[{"open":"07:00","close":"20:00"}],"sat":[{"open":"07:00","close":"19:00"}],"sun":[{"open":"07:00","close":"18:00"}]}'::jsonb, 'Shop 12A, Sandown Retail Crossing, Sandown Rd, Milnerton Rural, Cape Town, 7441', '+27 21 203 5179', 'https://ourcafes.bootlegger.coffee/FoodDrink-CapeTown-BootleggerSandownRetailCrossing', null, '{}'::text[], 4.5, 406, 38, '2026-07-22', 'ChIJRy1W0zNfzB0RM_N4f8IqAuQ'),
  ('all-in-the-kitchen-deli', 'All in the Kitchen Deli', 'eat', 'blouberg', -33.8233551, 18.4848295, 2, 'R120–250 pp', 'Deli in Table View.', array['deli', 'breakfast restaurant', 'cafe']::text[], '{"mon":[{"open":"07:30","close":"18:00"}],"tue":[{"open":"07:30","close":"18:00"}],"wed":[{"open":"07:30","close":"18:00"}],"thu":[{"open":"07:30","close":"18:00"}],"fri":[{"open":"08:00","close":"17:00"}],"sat":[{"open":"08:00","close":"14:00"}],"sun":[]}'::jsonb, '51 Blaauwberg Rd, Table View, Cape Town, 7439', '+27 78 121 4791', 'https://www.facebook.com/AllInTheKitchen/', null, '{}'::text[], 4.8, 391, 39, '2026-07-22', 'ChIJIf-Huw1fzB0Rh4jDt-s4K9Q'),
  ('atlantic-beach-hotel-melkbosstrand', 'Atlantic Beach Hotel, Melkbosstrand', 'eat', 'blouberg', -33.7268717, 18.4442326, 2, 'R120–250 pp', 'Laid-back quarters, some with sea views, in an unassuming hotel offering a bar/restaurant & parking.', array['hotel', 'cafe', 'event venue']::text[], '{"mon":[{"open":"08:00","close":"17:00"}],"tue":[{"open":"08:00","close":"17:00"}],"wed":[{"open":"08:00","close":"17:00"}],"thu":[{"open":"08:00","close":"17:00"}],"fri":[{"open":"08:00","close":"17:00"}],"sat":[{"open":"08:00","close":"17:00"}],"sun":[{"open":"08:00","close":"17:00"}]}'::jsonb, 'Cnr Commaille Road &, 13th Ave, Melkbosstrand, Cape Town, 7441', '+27 21 553 1800', 'http://www.atlanticbeachhotel.co.za/', null, '{}'::text[], 4.3, 332, 40, '2026-07-22', 'ChIJVStOiaT0zB0RrB7V7ow-YIQ'),
  ('andiccio24-sunset-beach', 'Andiccio24 Sunset Beach', 'eat', 'blouberg', -33.8545267, 18.4955404, 2, 'R120–250 pp', 'Pizza Delivery in Sunset Beach.', array['pizza delivery', 'pizza restaurant', 'meal delivery']::text[], '{"mon":[{"open":"00:00","close":"24:00"}],"tue":[{"open":"00:00","close":"24:00"}],"wed":[{"open":"00:00","close":"24:00"}],"thu":[{"open":"00:00","close":"24:00"}],"fri":[{"open":"00:00","close":"24:00"}],"sat":[{"open":"00:00","close":"24:00"}],"sun":[{"open":"00:00","close":"24:00"}]}'::jsonb, 'Corner Otto du Plessis Drive &, Ocean Way, Sunset Beach, Cape Town, 7441', '+27 21 525 9649', 'https://www.andiccio24.co.za/', null, '{}'::text[], 4.3, 287, 41, '2026-07-22', 'ChIJt8NBQHNfzB0RD0bjg3wqhyc'),
  ('the-cinnamon-club', 'The Cinnamon Club', 'eat', 'blouberg', -33.804507, 18.4750096, 2, 'R120–250 pp', 'Cake Shop in West Beach.', array['cake shop', 'wholesaler', 'bakery']::text[], '{"mon":[{"open":"00:00","close":"24:00"}],"tue":[{"open":"00:00","close":"24:00"}],"wed":[{"open":"00:00","close":"24:00"}],"thu":[{"open":"00:00","close":"24:00"}],"fri":[{"open":"00:00","close":"24:00"}],"sat":[{"open":"00:00","close":"24:00"}],"sun":[{"open":"00:00","close":"24:00"}]}'::jsonb, '8 The Courtyard Street, West Beach, Cape Town, 7441', '+27 74 834 3479', 'https://cinnamonclub.co.za/', null, '{}'::text[], 4.9, 273, 42, '2026-07-22', 'ChIJxfoHNVJRzB0RorIAi2o-dbY'),
  ('reach-cafe', 'REACH Cafe', 'eat', 'blouberg', -33.8228564, 18.5033253, 1, 'R50–120 pp', 'Restaurant in Table View.', array['restaurant']::text[], '{"mon":[{"open":"14:00","close":"17:00"}],"tue":[{"open":"08:30","close":"17:00"}],"wed":[{"open":"08:30","close":"17:00"}],"thu":[{"open":"08:30","close":"17:00"}],"fri":[{"open":"08:30","close":"17:00"}],"sat":[],"sun":[{"open":"08:30","close":"14:00"}]}'::jsonb, '83 Janssens Avenue, Table View, Cape Town, 7439', '+27 61 549 1922', 'http://www.reachcafe.co.za/', null, '{}'::text[], 4.6, 215, 43, '2026-07-22', 'ChIJDzXLk1tfzB0RdYJqBbPQID8'),
  ('waves-restaurant', 'WAVES Restaurant', 'eat', 'blouberg', -33.8103081, 18.469473999999998, 2, 'R120–250 pp', 'Restaurant in Table View.', array['restaurant']::text[], '{"mon":[{"open":"06:30","close":"22:30"}],"tue":[{"open":"06:30","close":"22:30"}],"wed":[{"open":"06:30","close":"22:30"}],"thu":[{"open":"06:30","close":"22:30"}],"fri":[{"open":"06:30","close":"22:30"}],"sat":[{"open":"06:30","close":"22:30"}],"sun":[{"open":"06:30","close":"22:30"}]}'::jsonb, '106 Beach Blvd, Table View, Cape Town, 7441', '+27 21 205 7555', 'https://blaauwbergbeachhotel.co.za/dining/', null, '{}'::text[], 3.9, 212, 44, '2026-07-22', 'ChIJiYEHFoRfzB0RbjqzLlL_e7Q'),
  ('sunbird-restaurant', 'Sunbird Restaurant', 'eat', 'blouberg', -33.739798799999996, 18.4523497, 2, 'R120–250 pp', 'Restaurant in Melkbosstrand.', array['restaurant']::text[], '{"mon":[],"tue":[{"open":"12:30","close":"20:30"}],"wed":[{"open":"12:30","close":"20:30"}],"thu":[{"open":"12:30","close":"21:30"}],"fri":[{"open":"12:30","close":"21:30"}],"sat":[{"open":"12:30","close":"21:30"}],"sun":[{"open":"10:00","close":"19:00"}]}'::jsonb, '1 Fairway Drive Melkbosstrand, Atlantic Beach Estate, Melkbosstrand, Cape Town, 7441', '+27 87 094 7949', 'https://atlanticbeachestate.co.za/sub/sunbird-restaurant/', null, '{}'::text[], 4.5, 162, 45, '2026-07-22', 'ChIJVRvmqAH1zB0R4nX9v0bc0HY'),
  ('romans-pizza-west-coast-village', 'Roman''s Pizza West Coast Village', 'eat', 'blouberg', -33.804392, 18.485347, 2, 'R120–250 pp', 'Pizza chain offering traditional and specialty pies cooked to order for takeaway or home delivery.', array['pizza restaurant', 'fast food restaurant', 'meal takeaway']::text[], '{"mon":[{"open":"09:30","close":"21:00"}],"tue":[{"open":"09:30","close":"21:00"}],"wed":[{"open":"09:30","close":"21:00"}],"thu":[{"open":"09:30","close":"21:00"}],"fri":[{"open":"09:30","close":"22:00"}],"sat":[{"open":"09:30","close":"22:00"}],"sun":[{"open":"09:30","close":"21:00"}]}'::jsonb, 'Shop 42(1, Cnr R27 and, West Coast Village Shopping Centre, Sandown Rd, Sunningdale, Cape Town, 7741', '+27 21 023 4133', 'https://romanspizza.co.za/store-locator/148ea5c4-a7f7-4c41-a8b7-0fbcb622d5ed?utm_source=google-places&utm_medium=search&utm_campaign=romans-pizza-west-coast-village', null, '{}'::text[], 3, 120, 46, '2026-07-22', 'ChIJOzy0nrVfzB0RBMEGYTaF0AE'),
  ('melkbosskerm', 'Melkbosskerm', 'eat', 'blouberg', -33.717450899999996, 18.4489576, 2, 'R120–250 pp', 'Restaurant in Melkbosstrand.', array['restaurant']::text[], '{"mon":[{"open":"00:00","close":"24:00"}],"tue":[{"open":"00:00","close":"24:00"}],"wed":[{"open":"00:00","close":"24:00"}],"thu":[{"open":"00:00","close":"24:00"}],"fri":[{"open":"00:00","close":"24:00"}],"sat":[{"open":"00:00","close":"24:00"}],"sun":[{"open":"00:00","close":"24:00"}]}'::jsonb, 'Robben Rd, Melkbosstrand, Cape Town, 7437', '+27 79 309 1010', 'http://melkbosskerm.wixsite.com/melkbosskerm', null, '{}'::text[], 4.4, 88, 47, '2026-07-22', 'ChIJn6O2Vl_zzB0RCBPkwRv73qk'),
  ('the-coffee-stop', 'The Coffee Stop', 'eat', 'blouberg', -33.8024036, 18.4601369, 2, 'R120–250 pp', 'Coffee Shop in Bloubergstrand.', array['coffee shop', 'food store', 'cafe']::text[], '{"mon":[{"open":"07:00","close":"16:00"}],"tue":[{"open":"07:00","close":"16:00"}],"wed":[{"open":"07:00","close":"16:00"}],"thu":[{"open":"07:00","close":"16:00"}],"fri":[{"open":"07:00","close":"16:00"}],"sat":[{"open":"07:00","close":"16:00"}],"sun":[{"open":"07:00","close":"16:00"}]}'::jsonb, '20 Stadler Rd, Bloubergstrand, Cape Town, 7436', null, 'http://www.coffeeshopcompany.com/', null, '{}'::text[], 4.5, 53, 48, '2026-07-22', 'ChIJkXC-ZwBfzB0RRrf6EEkKYYA'),
  ('caffeine-cartel-coffee-truck', 'Caffeine Cartel Coffee Truck', 'eat', 'blouberg', -33.8138326, 18.4711368, 2, 'R120–250 pp', 'Coffee Shop in Table View.', array['coffee shop', 'food store', 'cafe']::text[], '{"mon":[],"tue":[],"wed":[{"open":"08:00","close":"13:30"}],"thu":[{"open":"08:00","close":"13:30"}],"fri":[{"open":"08:00","close":"13:30"}],"sat":[{"open":"08:00","close":"13:30"}],"sun":[{"open":"08:00","close":"13:30"}]}'::jsonb, 'Blouberg Beach, Otto du Plessis Dr, Table View, Cape Town, 7441', '+27 84 920 8210', null, null, '{}'::text[], 4.9, 17, 49, '2026-07-22', 'ChIJM3n3totZzB0R6s2nv7_ediA'),
  ('blowfish-restaurant', 'Blowfish Restaurant', 'bars', 'blouberg', -33.829659, 18.4815059, 3, 'R250–450 pp', 'Modern restaurant with a focus on fish and sushi, offering views of Table Mountain and the bay.', array['seafood restaurant', 'wine bar', 'sushi restaurant']::text[], '{"mon":[{"open":"07:00","close":"23:00"}],"tue":[{"open":"07:00","close":"23:00"}],"wed":[{"open":"07:00","close":"23:00"}],"thu":[{"open":"07:00","close":"23:00"}],"fri":[{"open":"07:00","close":"23:00"}],"sat":[{"open":"07:00","close":"23:00"}],"sun":[{"open":"07:00","close":"23:00"}]}'::jsonb, '1 Marine Dr, Bloubergstrand, Cape Town, 7441', '+27 21 556 5464', 'http://www.blowfishrestaurant.co.za/', null, '{}'::text[], 4.1, 4355, 50, '2026-07-22', 'ChIJWQreJwtfzB0R3pBrzqgf3yU'),
  ('news-cafe-table-view', 'News Cafe Table View', 'bars', 'blouberg', -33.8213831, 18.4772271, 2, 'R120–250 pp', 'Contemporary cafe/bar chain with an upbeat soundtrack, for cocktails, coffee & breakfast.', array['restaurant', 'cocktail bar', 'bar']::text[], '{"mon":[{"open":"07:30","close":"02:00"}],"tue":[{"open":"07:30","close":"02:00"}],"wed":[{"open":"07:30","close":"02:00"}],"thu":[{"open":"07:30","close":"02:00"}],"fri":[{"open":"07:30","close":"04:00"}],"sat":[{"open":"07:30","close":"04:00"}],"sun":[{"open":"07:30","close":"02:00"}]}'::jsonb, '1 Beach Blvd, Table View, Cape Town, 7441', '+27 21 557 6336', 'https://www.newscafe.co.za/stores/south-africa/tableview/', null, '{}'::text[], 4.1, 3518, 51, '2026-07-22', 'ChIJSddnzgpfzB0Ro1IIkTs5-zE'),
  ('bossa-sunningdale', 'Bossa Sunningdale', 'bars', 'blouberg', -33.8045814, 18.4867536, 2, 'R120–250 pp', 'Bar & Grill in Sunningdale.', array['bar and grill', 'bar', 'restaurant']::text[], '{"mon":[{"open":"09:00","close":"24:00"}],"tue":[{"open":"09:00","close":"24:00"}],"wed":[{"open":"09:00","close":"24:00"}],"thu":[{"open":"09:00","close":"24:00"}],"fri":[{"open":"09:00","close":"24:00"}],"sat":[{"open":"09:00","close":"24:00"}],"sun":[{"open":"09:00","close":"24:00"}]}'::jsonb, 'Shop 55, West Coast Village Shopping Centre Corner West Coast &, Sandown Rd, Sunningdale, Cape Town, 7441', '+27 21 879 4530', 'http://bossagoodtimes.com/', null, '{}'::text[], 4.4, 2472, 52, '2026-07-22', 'ChIJkcYYG9lfzB0R6F3BCMep7r8'),
  ('fancy-franks-sunset-beach', 'Fancy Frank''s Sunset Beach', 'bars', 'blouberg', -33.8548907, 18.4953215, 2, 'R120–250 pp', 'Bar & Grill in Sunset Beach.', array['bar and grill', 'pizza restaurant', 'bar']::text[], '{"mon":[{"open":"11:00","close":"23:00"}],"tue":[{"open":"11:00","close":"23:00"}],"wed":[{"open":"11:00","close":"23:00"}],"thu":[{"open":"11:00","close":"23:00"}],"fri":[{"open":"11:00","close":"23:00"}],"sat":[{"open":"11:00","close":"23:00"}],"sun":[{"open":"11:00","close":"21:00"}]}'::jsonb, 'Seattle Coffee Company Ocean Square, 4 Ocean Way, Sunset Beach, Cape Town, 7441', '+27 21 879 1923', 'https://fancyfranks.co.za/', null, '{}'::text[], 4.4, 1939, 53, '2026-07-22', 'ChIJI32Fdv1fzB0R55Na3mbG7KM'),
  ('the-hart', 'The Hart', 'bars', 'blouberg', -33.7295598, 18.4389872, 2, 'R120–250 pp', 'Restaurant in Melkbosstrand.', array['restaurant', 'bistro', 'breakfast restaurant']::text[], '{"mon":[{"open":"07:30","close":"15:00"}],"tue":[{"open":"07:30","close":"15:00"}],"wed":[{"open":"07:30","close":"22:00"}],"thu":[{"open":"07:30","close":"22:00"}],"fri":[{"open":"07:30","close":"22:00"}],"sat":[{"open":"07:30","close":"15:00"}],"sun":[{"open":"07:30","close":"15:00"}]}'::jsonb, 'Shop 4, Mira Mar Centre, 26 Beach Rd, Melkbosstrand, Cape Town, 7437', '+27 69 332 7323', 'http://www.thehart.co.za/', null, '{}'::text[], 4.5, 1815, 54, '2026-07-22', 'ChIJi1y34q_0zB0R7n2meJqWHns'),
  ('reload-flamingo-square-centre', 'Reload Flamingo Square Centre', 'bars', 'blouberg', -33.8301289, 18.506431799999998, 2, 'R120–250 pp', 'Cafe in Table View.', array['cafe', 'pizza restaurant', 'coffee shop']::text[], '{"mon":[{"open":"07:30","close":"17:00"}],"tue":[{"open":"07:30","close":"17:00"}],"wed":[{"open":"07:30","close":"17:00"}],"thu":[{"open":"07:30","close":"17:00"}],"fri":[{"open":"07:30","close":"19:00"}],"sat":[{"open":"08:00","close":"18:00"}],"sun":[{"open":"09:00","close":"17:00"}]}'::jsonb, 'Shop 10 Flamingo Square Centre Corner of Blaauwberg Road, Study St, Table View, Cape Town, 7441', '+27 21 556 8420', 'http://www.reloadct.co.za/', null, '{}'::text[], 4.5, 1450, 55, '2026-07-22', 'ChIJR8bxXiRfzB0RA-xLFyinf8g'),
  ('the-brazen-head-big-bay', 'The Brazen Head Big Bay', 'bars', 'blouberg', -33.7883499, 18.457304099999998, 2, 'R120–250 pp', 'Restaurant in Big Bay.', array['restaurant', 'bar and grill', 'bar']::text[], '{"mon":[{"open":"11:00","close":"22:00"}],"tue":[{"open":"11:00","close":"22:00"}],"wed":[{"open":"11:00","close":"22:00"}],"thu":[{"open":"11:00","close":"23:00"}],"fri":[{"open":"11:00","close":"24:00"}],"sat":[{"open":"11:00","close":"24:00"}],"sun":[{"open":"11:00","close":"22:00"}]}'::jsonb, 'Seaside Village, Otto du Plessis Dr, Big Bay, Cape Town, 7441', '+27 21 215 1181', 'http://www.brazenhead.co.za/', null, '{}'::text[], 4, 633, 56, '2026-07-22', 'ChIJN-K71G71zB0RodHZv8TpOp8'),
  ('melkbos-country-club', 'Melkbos Country Club', 'bars', 'blouberg', -33.716711, 18.4486561, 2, 'R120–250 pp', 'Bar in Melkbosstrand.', array['bar']::text[], '{"mon":[{"open":"08:00","close":"02:00"}],"tue":[{"open":"08:00","close":"02:00"}],"wed":[{"open":"08:00","close":"02:00"}],"thu":[{"open":"08:00","close":"02:00"}],"fri":[{"open":"08:00","close":"02:00"}],"sat":[{"open":"08:00","close":"02:00"}],"sun":[{"open":"08:00","close":"18:00"}]}'::jsonb, '1 Robben Rd, Melkbosstrand, Cape Town, 7437', '+27 21 553 3408', 'https://m.facebook.com/pages/Melkbosstrand-Country-Club/224464377603227', null, '{}'::text[], 4.1, 408, 57, '2026-07-22', 'ChIJm-n4XV_zzB0RzKvAlLwKU0M'),
  ('baked-raats', 'Baked Raats', 'bars', 'blouberg', -33.8212939, 18.4930479, 2, 'R120–250 pp', 'Lounge bar in Table View.', array['lounge bar', 'night club', 'bar']::text[], '{"mon":[{"open":"09:00","close":"23:00"}],"tue":[{"open":"09:00","close":"23:00"}],"wed":[{"open":"09:00","close":"23:00"}],"thu":[{"open":"09:00","close":"23:00"}],"fri":[{"open":"09:00","close":"23:00"}],"sat":[{"open":"09:00","close":"23:00"}],"sun":[{"open":"09:00","close":"23:00"}]}'::jsonb, '22 Raats Dr, Table View, Cape Town, 7441', '+27 68 309 4126', 'http://store67126258.shop.netcash.co.za/', null, '{}'::text[], 4.2, 287, 58, '2026-07-22', 'ChIJU0zRfHhfzB0RS5JCScvKSAE'),
  ('time-out-bar', 'Time Out Bar', 'bars', 'blouberg', -33.8224838, 18.5052993, 2, 'R120–250 pp', 'Bar in Table View.', array['bar']::text[], '{"mon":[{"open":"00:00","close":"02:00"},{"open":"10:00","close":"02:00"}],"tue":[{"open":"10:00","close":"02:00"}],"wed":[{"open":"10:00","close":"02:00"}],"thu":[{"open":"10:00","close":"02:00"}],"fri":[{"open":"10:00","close":"02:00"}],"sat":[{"open":"10:00","close":"24:00"}],"sun":[{"open":"10:00","close":"22:00"}]}'::jsonb, '3 Merlot Ave, Table View, Cape Town, 7439', '+27 21 556 7413', 'https://www.eatout.co.za/venue/time-bar/', null, '{}'::text[], 4.1, 265, 59, '2026-07-22', 'ChIJO53f-TtfzB0RhEvAFH_tbTk'),
  ('le-petit-cafe-and-bar', 'Le Petit Cafe and Bar', 'bars', 'blouberg', -33.807029199999995, 18.482173, 2, 'R120–250 pp', 'Cafe in Blouberg Sands.', array['cafe', 'bar']::text[], '{"mon":[{"open":"07:00","close":"18:00"}],"tue":[{"open":"07:00","close":"18:00"}],"wed":[{"open":"07:00","close":"18:00"}],"thu":[{"open":"07:00","close":"18:00"}],"fri":[{"open":"07:00","close":"20:00"}],"sat":[{"open":"07:00","close":"20:00"}],"sun":[{"open":"09:00","close":"14:00"}]}'::jsonb, '6 Sandown Rd, Blouberg Sands, Cape Town, 7441', '+27 71 649 8484', null, null, '{}'::text[], 4.7, 215, 60, '2026-07-22', 'ChIJG8R1UMNfzB0Rfm4OrZDZK-A'),
  ('misthom-lounge-shisha-bar', 'Misthom Lounge & Shisha Bar', 'bars', 'blouberg', -33.814729299999996, 18.5033212, 2, 'R120–250 pp', 'Bar & Grill in Parklands.', array['bar and grill', 'bar', 'restaurant']::text[], '{"mon":[{"open":"09:00","close":"23:00"}],"tue":[{"open":"09:00","close":"23:00"}],"wed":[{"open":"09:00","close":"23:00"}],"thu":[{"open":"09:00","close":"23:00"}],"fri":[{"open":"09:00","close":"23:00"}],"sat":[{"open":"09:00","close":"23:00"}],"sun":[{"open":"09:00","close":"23:00"}]}'::jsonb, '10A Parklands Main Rd, Parklands, Cape Town, 7441', '+27 79 070 6195', null, null, '{}'::text[], 1.8, 37, 61, '2026-07-22', 'ChIJz4JeViRfzB0RyVkys7tl-x0'),
  ('heritage-lounge-and-restaurant', 'Herit''Age Lounge and Restaurant', 'bars', 'blouberg', -33.8157175, 18.497533, 2, 'R120–250 pp', 'Lounge bar in Parklands.', array['lounge bar', 'night club', 'bar']::text[], '{"mon":[{"open":"09:00","close":"02:00"}],"tue":[{"open":"09:00","close":"02:00"}],"wed":[{"open":"09:00","close":"02:00"}],"thu":[{"open":"09:00","close":"02:00"}],"fri":[{"open":"09:00","close":"02:00"}],"sat":[{"open":"09:00","close":"02:00"}],"sun":[{"open":"09:00","close":"02:00"}]}'::jsonb, 'Unit C7B, Leonardo Park, Main Road, Parklands, Cape Town, 7441', '+27 21 110 5431', null, null, '{}'::text[], 3.7, 19, 62, '2026-07-22', 'ChIJv1CknWFfzB0RP-Lfs6YqrbU'),
  ('blouberg-beachfront', 'Blouberg Beachfront', 'outdoor', 'blouberg', -33.818435099999995, 18.4741474, 0, 'Free', 'Beach in Milnerton Rural.', array['beach', 'natural feature']::text[], '{"mon":[{"open":"00:00","close":"24:00"}],"tue":[{"open":"00:00","close":"24:00"}],"wed":[{"open":"00:00","close":"24:00"}],"thu":[{"open":"00:00","close":"24:00"}],"fri":[{"open":"00:00","close":"24:00"}],"sat":[{"open":"00:00","close":"24:00"}],"sun":[{"open":"00:00","close":"24:00"}]}'::jsonb, 'Blouberg Beachfront, Milnerton Rural, Cape Town, 7441', '+27 21 400 1111', 'https://www.capetown.gov.za/', null, '{}'::text[], 4.6, 3009, 63, '2026-07-22', 'ChIJR_zMM55fzB0R7GUwhqANVTM'),
  ('blouberg-kite-surfing-beach', 'Blouberg Kite Surfing Beach', 'outdoor', 'blouberg', -33.8208334, 18.476736199999998, 0, 'Free', 'Beach in Table View.', array['beach', 'natural feature']::text[], '{"mon":[{"open":"00:00","close":"24:00"}],"tue":[{"open":"00:00","close":"24:00"}],"wed":[{"open":"00:00","close":"24:00"}],"thu":[{"open":"00:00","close":"24:00"}],"fri":[{"open":"00:00","close":"24:00"}],"sat":[{"open":"00:00","close":"24:00"}],"sun":[{"open":"00:00","close":"24:00"}]}'::jsonb, 'Blouberg Kite Surfing Beach, Table View, Cape Town, 7439', null, null, null, '{}'::text[], 4.5, 1213, 64, '2026-07-22', 'ChIJfS-ysQpfzB0RVgs99ggR3Qk'),
  ('sunset-beach', 'Sunset Beach', 'outdoor', 'blouberg', -33.8543772, 18.488624899999998, 0, 'Free', 'Swimming & surfing along a stretch of shoreline with lodging, plus island & mountain views.', array['beach', 'natural feature']::text[], '{"mon":[{"open":"00:00","close":"24:00"}],"tue":[{"open":"00:00","close":"24:00"}],"wed":[{"open":"00:00","close":"24:00"}],"thu":[{"open":"00:00","close":"24:00"}],"fri":[{"open":"00:00","close":"24:00"}],"sat":[{"open":"00:00","close":"24:00"}],"sun":[{"open":"00:00","close":"24:00"}]}'::jsonb, 'Sunset Beach', null, null, null, '{}'::text[], 4.6, 952, 65, '2026-07-22', 'ChIJL_ORwu9ezB0RXOS3G72C2Fc'),
  ('big-bay-blouberg', 'Big Bay Blouberg', 'outdoor', 'blouberg', -33.7987105, 18.4586406, 0, 'Free', 'Beach in Bloubergstrand.', array['beach', 'natural feature']::text[], '{"mon":[{"open":"00:00","close":"24:00"}],"tue":[{"open":"00:00","close":"24:00"}],"wed":[{"open":"00:00","close":"24:00"}],"thu":[{"open":"00:00","close":"24:00"}],"fri":[{"open":"00:00","close":"24:00"}],"sat":[{"open":"00:00","close":"24:00"}],"sun":[{"open":"00:00","close":"24:00"}]}'::jsonb, 'Big Bay Blouberg, Stadler Rd, Bloubergstrand, Cape Town, 7436', null, null, null, '{}'::text[], 4.6, 290, 66, '2026-07-22', 'ChIJFRanx2P1zB0RVxeZnrguhqs'),
  ('big-bay-beach', 'Big Bay Beach', 'outdoor', 'blouberg', -33.7751808, 18.4461507, 0, 'Free', 'Popular beach with eateries, restrooms & showers, known for surfing & sunset views.', array['beach', 'natural feature']::text[], '{"mon":[{"open":"00:00","close":"24:00"}],"tue":[{"open":"00:00","close":"24:00"}],"wed":[{"open":"00:00","close":"24:00"}],"thu":[{"open":"00:00","close":"24:00"}],"fri":[{"open":"00:00","close":"24:00"}],"sat":[{"open":"00:00","close":"24:00"}],"sun":[{"open":"00:00","close":"24:00"}]}'::jsonb, 'Big Bay Beach', null, null, null, '{}'::text[], 4.7, 181, 67, '2026-07-22', 'ChIJjVD5ajz1zB0RJlK8fcR1RA8'),
  ('duynefontein', 'Duynefontein', 'outdoor', 'blouberg', -33.7089406, 18.4432461, 0, 'Free', 'Beach in Van Riebeeckstrand.', array['beach', 'natural feature']::text[], '{"mon":[{"open":"00:00","close":"24:00"}],"tue":[{"open":"00:00","close":"24:00"}],"wed":[{"open":"00:00","close":"24:00"}],"thu":[{"open":"00:00","close":"24:00"}],"fri":[{"open":"00:00","close":"24:00"}],"sat":[{"open":"00:00","close":"24:00"}],"sun":[{"open":"00:00","close":"24:00"}]}'::jsonb, 'Duynefontein, 13 Strand Rd, Van Riebeeckstrand, Cape Town, 7441', null, null, null, '{}'::text[], 4.5, 142, 68, '2026-07-22', 'ChIJGzeTF1vzzB0R7k73BizdbzM'),
  ('rietvlei-wetland-reserve', 'Rietvlei Wetland Reserve', 'outdoor', 'blouberg', -33.8363928, 18.4943311, 0, 'Free', 'National Park in Flamingo Vlei.', array['tourist attraction', 'national park', 'park']::text[], '{"mon":[{"open":"07:30","close":"16:00"}],"tue":[{"open":"07:30","close":"16:00"}],"wed":[{"open":"07:30","close":"16:00"}],"thu":[{"open":"07:30","close":"16:00"}],"fri":[{"open":"07:30","close":"16:00"}],"sat":[{"open":"07:30","close":"16:00"}],"sun":[{"open":"07:30","close":"16:00"}]}'::jsonb, '8 Sandpiper Cres, Flamingo Vlei, Cape Town, 7441', '+27 21 444 0315', 'http://www.friendsofrietvlei.co.za/', null, '{}'::text[], 4.3, 121, 69, '2026-07-22', 'ChIJG99BqR5fzB0RHSMLlloouGs'),
  ('leonardo-dog-park', 'Leonardo Dog Park', 'outdoor', 'blouberg', -33.8154574, 18.4979011, 0, 'Free', 'Dog Park in Parklands.', array['dog park', 'park']::text[], '{"mon":[{"open":"06:00","close":"19:00"}],"tue":[{"open":"06:00","close":"19:00"}],"wed":[{"open":"06:00","close":"20:00"}],"thu":[{"open":"06:00","close":"19:00"}],"fri":[{"open":"06:00","close":"19:00"}],"sat":[{"open":"06:00","close":"19:00"}],"sun":[{"open":"06:00","close":"19:00"}]}'::jsonb, '21 Ravenscourt Rd, Parklands, Cape Town, 7441', null, null, null, '{}'::text[], 3.9, 65, 70, '2026-07-22', 'ChIJoSMAX2pfzB0R5CTNjqELcWA'),
  ('regent-park', 'Regent Park', 'outdoor', 'blouberg', -33.8183925, 18.5038773, 0, 'Free', 'City Park in Parklands.', array['city park', 'park']::text[], '{"mon":[{"open":"00:00","close":"24:00"}],"tue":[{"open":"00:00","close":"24:00"}],"wed":[{"open":"00:00","close":"24:00"}],"thu":[{"open":"00:00","close":"24:00"}],"fri":[{"open":"00:00","close":"24:00"}],"sat":[{"open":"00:00","close":"24:00"}],"sun":[{"open":"00:00","close":"24:00"}]}'::jsonb, 'Regent Rd, Parklands, Cape Town, 7441', '+27 21 550 7783', null, null, '{}'::text[], 3.7, 52, 71, '2026-07-22', 'ChIJAbykOT9fzB0RIY6Un6DsTXg'),
  ('little-bay-beach', 'Little Bay Beach', 'outdoor', 'blouberg', -33.7454689, 18.439845, 0, 'Free', 'Beach.', array['beach', 'natural feature']::text[], '{"mon":[{"open":"00:00","close":"24:00"}],"tue":[{"open":"00:00","close":"24:00"}],"wed":[{"open":"00:00","close":"24:00"}],"thu":[{"open":"00:00","close":"24:00"}],"fri":[{"open":"00:00","close":"24:00"}],"sat":[{"open":"00:00","close":"24:00"}],"sun":[{"open":"00:00","close":"24:00"}]}'::jsonb, 'Little Bay Beach', null, null, null, '{}'::text[], 4.5, 44, 72, '2026-07-22', 'ChIJTbCV_sX0zB0RMNAvRBNvb5M'),
  ('brander-park', 'Brander Park', 'outdoor', 'blouberg', -33.817646800000006, 18.4776869, 0, 'Free', 'City Park in Bloubergrant.', array['city park', 'park']::text[], '{"mon":[{"open":"00:00","close":"24:00"}],"tue":[{"open":"00:00","close":"24:00"}],"wed":[{"open":"00:00","close":"24:00"}],"thu":[{"open":"00:00","close":"24:00"}],"fri":[{"open":"00:00","close":"24:00"}],"sat":[{"open":"00:00","close":"24:00"}],"sun":[{"open":"00:00","close":"24:00"}]}'::jsonb, 'Bloubergrant, Cape Town, 7443', null, null, null, '{}'::text[], 4.6, 41, 73, '2026-07-22', 'ChIJj1mUQixfzB0RzUdS0eG1kIk'),
  ('sandown-road-park', 'Sandown Road Park', 'outdoor', 'blouberg', -33.8032581, 18.478507999999998, 0, 'Free', 'City Park in Blouberg Sands.', array['city park', 'park']::text[], '{"mon":[{"open":"00:00","close":"24:00"}],"tue":[{"open":"00:00","close":"24:00"}],"wed":[{"open":"00:00","close":"24:00"}],"thu":[{"open":"00:00","close":"24:00"}],"fri":[{"open":"00:00","close":"24:00"}],"sat":[{"open":"00:00","close":"24:00"}],"sun":[{"open":"00:00","close":"24:00"}]}'::jsonb, '46 Sail St, Blouberg Sands, Cape Town, 7449', null, null, null, '{}'::text[], 4.2, 38, 74, '2026-07-22', 'ChIJY5Dy3X5fzB0RbtH4My2i0cw'),
  ('teal-bend-park', 'Teal bend park', 'outdoor', 'blouberg', -33.794855999999996, 18.4844421, 0, 'Free', 'Park in 7441.', array['park']::text[], '{"mon":[{"open":"00:00","close":"24:00"}],"tue":[{"open":"00:00","close":"24:00"}],"wed":[{"open":"00:00","close":"24:00"}],"thu":[{"open":"00:00","close":"24:00"}],"fri":[{"open":"00:00","close":"24:00"}],"sat":[{"open":"00:00","close":"24:00"}],"sun":[{"open":"00:00","close":"24:00"}]}'::jsonb, '7441, Milnerton Rural, Cape Town', null, null, null, '{}'::text[], 4.2, 34, 75, '2026-07-22', 'ChIJ9wINWob1zB0RZkmLSeAZo6s'),
  ('clifton-park', 'Clifton Park', 'outdoor', 'blouberg', -33.8052618, 18.5070876, 0, 'Free', 'City Park in Parklands.', array['city park', 'park']::text[], '{"mon":[{"open":"00:00","close":"24:00"}],"tue":[{"open":"00:00","close":"24:00"}],"wed":[{"open":"00:00","close":"24:00"}],"thu":[{"open":"00:00","close":"24:00"}],"fri":[{"open":"00:00","close":"24:00"}],"sat":[{"open":"00:00","close":"24:00"}],"sun":[{"open":"00:00","close":"24:00"}]}'::jsonb, '111-113 Dorchester Dr, Parklands, Cape Town, 7441', null, null, null, '{}'::text[], 4, 32, 76, '2026-07-22', 'ChIJlz3CLVtfzB0R6Aa-O65x6R8'),
  ('parkview-park', 'Parkview Park', 'outdoor', 'blouberg', -33.812177399999996, 18.4924946, 0, 'Free', 'Park in Sunningdale.', array['park']::text[], '{"mon":[{"open":"00:00","close":"24:00"}],"tue":[{"open":"00:00","close":"24:00"}],"wed":[{"open":"00:00","close":"24:00"}],"thu":[{"open":"00:00","close":"24:00"}],"fri":[{"open":"00:00","close":"24:00"}],"sat":[{"open":"00:00","close":"24:00"}],"sun":[{"open":"00:00","close":"24:00"}]}'::jsonb, 'Parkview Cl, Sunningdale, Cape Town, 7441', null, null, null, '{}'::text[], 4.3, 25, 77, '2026-07-22', 'ChIJQz25sm5fzB0RcH_lcb9BJsw'),
  ('echium-road-park', 'Echium Road Park', 'outdoor', 'blouberg', -33.8196997, 18.493618599999998, 0, 'Free', 'City Park in Table View.', array['city park', 'park']::text[], '{"mon":[{"open":"00:00","close":"24:00"}],"tue":[{"open":"00:00","close":"24:00"}],"wed":[{"open":"00:00","close":"24:00"}],"thu":[{"open":"00:00","close":"24:00"}],"fri":[{"open":"00:00","close":"24:00"}],"sat":[{"open":"00:00","close":"24:00"}],"sun":[{"open":"00:00","close":"24:00"}]}'::jsonb, '16 Echium Rd, Table View, Cape Town, 7439', null, null, null, '{}'::text[], 4.3, 23, 78, '2026-07-22', 'ChIJfU2yohRfzB0RMi6uAtbYwks'),
  ('table-bay-nature-reserve', 'Table Bay Nature Reserve', 'outdoor', 'blouberg', -33.8498544, 18.5015033, 0, 'Free', 'Nature Preserve in Sunset Beach.', array['nature preserve', 'park', 'tourist attraction']::text[], '{"mon":[{"open":"09:00","close":"16:00"}],"tue":[{"open":"09:00","close":"16:00"}],"wed":[{"open":"09:00","close":"16:00"}],"thu":[{"open":"09:00","close":"16:00"}],"fri":[{"open":"09:00","close":"16:00"}],"sat":[{"open":"09:00","close":"16:00"}],"sun":[{"open":"09:00","close":"16:00"}]}'::jsonb, '95 Bay Beach Ave, Sunset Beach, Cape Town, 7441', '+27 21 444 0315', 'https://www.capetown.gov.za/Family%20and%20home/See-all-city-facilities/Our-recreational-facilities/Nature%20reserves/Table%20Bay%20Nature%20Reserve', null, '{}'::text[], 4, 22, 79, '2026-07-22', 'ChIJXdmhgOZezB0RC3ocnFp8oAo'),
  ('melkbos-reserve', 'Melkbos RESERVE', 'outdoor', 'blouberg', -33.727606699999995, 18.442429999999998, 0, 'Free', 'Beach in Melkbosstrand.', array['beach', 'natural feature']::text[], '{"mon":[{"open":"00:00","close":"24:00"}],"tue":[{"open":"00:00","close":"24:00"}],"wed":[{"open":"00:00","close":"24:00"}],"thu":[{"open":"00:00","close":"24:00"}],"fri":[{"open":"00:00","close":"24:00"}],"sat":[{"open":"00:00","close":"24:00"}],"sun":[{"open":"00:00","close":"24:00"}]}'::jsonb, 'Melkbos RESERVE, 8 10th Ave, Melkbosstrand, Cape Town, 7437', null, null, null, '{}'::text[], 4.5, 20, 80, '2026-07-22', 'ChIJU1UeHqX0zB0RxLWHur6kvRs'),
  ('mission-hills-park', 'Mission Hills Park', 'outdoor', 'blouberg', -33.8008477, 18.4902491, 0, 'Free', 'Park.', array['park']::text[], '{"mon":[{"open":"00:00","close":"24:00"}],"tue":[{"open":"00:00","close":"24:00"}],"wed":[{"open":"00:00","close":"24:00"}],"thu":[{"open":"00:00","close":"24:00"}],"fri":[{"open":"00:00","close":"24:00"}],"sat":[{"open":"00:00","close":"24:00"}],"sun":[{"open":"00:00","close":"24:00"}]}'::jsonb, 'Mission Hills, Oakhill Village,, Sunningdale, Cape Town', null, null, null, '{}'::text[], 3.9, 17, 81, '2026-07-22', 'ChIJXSlwpmNfzB0RU59MStYtnwU'),
  ('bloubergstrand', 'Bloubergstrand', 'outdoor', 'blouberg', -33.7957563, 18.4570629, 0, 'Free', 'Beach.', array['beach', 'natural feature']::text[], '{"mon":[{"open":"00:00","close":"24:00"}],"tue":[{"open":"00:00","close":"24:00"}],"wed":[{"open":"00:00","close":"24:00"}],"thu":[{"open":"00:00","close":"24:00"}],"fri":[{"open":"00:00","close":"24:00"}],"sat":[{"open":"00:00","close":"24:00"}],"sun":[{"open":"00:00","close":"24:00"}]}'::jsonb, 'Bloubergstrand', null, null, null, '{}'::text[], 3.7, 15, 82, '2026-07-22', 'ChIJr8dKrfgXzB0R35y2YO7gmdA'),
  ('ster-kinekor-bayside', 'Ster-Kinekor Bayside', 'family', 'blouberg', -33.823515, 18.488346699999997, 2, 'R120–250 pp', 'Movie Theater in Table View.', array['movie theater', 'confectionery', 'food store']::text[], '{"mon":[],"tue":[{"open":"11:45","close":"22:00"}],"wed":[{"open":"11:45","close":"22:00"}],"thu":[{"open":"11:45","close":"22:00"}],"fri":[{"open":"11:45","close":"23:00"}],"sat":[{"open":"09:45","close":"23:00"}],"sun":[{"open":"10:45","close":"20:00"}]}'::jsonb, 'Blaauwberg Rd, Table View, Cape Town, 7439', '+27 86 166 8437', 'https://www.sterkinekor.com/?utm_source=GMB&utm_medium=Search&utm_campaign=Ster-Kinekor-Bayside', null, '{}'::text[], 3.9, 1421, 83, '2026-07-22', 'ChIJ853OShJfzB0Re6jrh-xRWmk'),
  ('milky-lane-total-tableview', 'Milky Lane Total Tableview', 'family', 'blouberg', -33.8222551, 18.4772264, 2, 'R120–250 pp', 'Modern chain ice cream parlour serving sundaes, shakes, waffles & cakes to eat in or take away.', array['ice cream shop', 'meal takeaway', 'dessert shop']::text[], '{"mon":[{"open":"00:00","close":"24:00"}],"tue":[{"open":"00:00","close":"24:00"}],"wed":[{"open":"00:00","close":"24:00"}],"thu":[{"open":"00:00","close":"24:00"}],"fri":[{"open":"00:00","close":"24:00"}],"sat":[{"open":"00:00","close":"24:00"}],"sun":[{"open":"00:00","close":"24:00"}]}'::jsonb, 'Service Road, Table View, Cape Town, 7439', '+27 74 168 6122', 'https://locations.milkylane.co.za/restaurants-TableView-MilkyLaneTotalTableview?utm_source=google_maps&utm_medium=website_button&utm_campaign=SP&utm_content=SP', null, '{}'::text[], 3.9, 860, 84, '2026-07-22', 'ChIJTWYv3QpfzB0R2oCW998Qoqs'),
  ('tube-wave', 'Tube Wave', 'family', 'blouberg', -33.726442299999995, 18.441615499999997, 1, 'R50–120 pp', 'Ice Cream Shop in Melkbosstrand.', array['ice cream shop', 'dessert shop', 'confectionery']::text[], '{"mon":[{"open":"09:00","close":"16:30"}],"tue":[{"open":"09:00","close":"16:30"}],"wed":[{"open":"09:00","close":"16:30"}],"thu":[{"open":"09:00","close":"16:30"}],"fri":[{"open":"09:00","close":"16:30"}],"sat":[{"open":"09:00","close":"16:30"}],"sun":[{"open":"09:00","close":"16:30"}]}'::jsonb, 'Beach Rd, Melkbosstrand, Cape Town, 7437', '+27 82 568 8945', null, null, '{}'::text[], 4.3, 245, 85, '2026-07-22', 'ChIJOc2zpaX0zB0RX60AyTAtpkI'),
  ('small-bay-park', 'Small Bay Park', 'family', 'blouberg', -33.7981401, 18.4592473, 2, 'R120–250 pp', 'Playground in Bloubergstrand.', array['playground']::text[], '{"mon":[{"open":"00:00","close":"24:00"}],"tue":[{"open":"00:00","close":"24:00"}],"wed":[{"open":"00:00","close":"24:00"}],"thu":[{"open":"00:00","close":"24:00"}],"fri":[{"open":"00:00","close":"24:00"}],"sat":[{"open":"00:00","close":"24:00"}],"sun":[{"open":"00:00","close":"24:00"}]}'::jsonb, '7 Pelegrini St, Bloubergstrand, Cape Town, 7436', null, null, null, '{}'::text[], 4.3, 206, 86, '2026-07-22', 'ChIJfdyNvWP1zB0R4b3R2oW8Scw'),
  ('the-bubble-hub', 'The bubble hub', 'family', 'blouberg', -33.7305533, 18.4415333, 2, 'R120–250 pp', 'Ice Cream Shop in Melkbosstrand.', array['ice cream shop', 'dessert shop', 'confectionery']::text[], '{"mon":[{"open":"07:00","close":"20:00"}],"tue":[{"open":"07:00","close":"20:00"}],"wed":[{"open":"07:00","close":"20:00"}],"thu":[{"open":"07:00","close":"20:00"}],"fri":[{"open":"07:00","close":"20:00"}],"sat":[{"open":"08:00","close":"20:00"}],"sun":[{"open":"08:00","close":"20:00"}]}'::jsonb, '8 6th Ave, Melkbosstrand, Cape Town, 7437', '+27 73 444 9407', null, null, '{}'::text[], 4.8, 152, 87, '2026-07-22', 'ChIJRSUhDwD1zB0RM-jWrxaqXf0'),
  ('gatti-ice-cream-factory-shop', 'Gatti Ice Cream Factory Shop', 'family', 'blouberg', -33.80162, 18.4937185, 1, 'R50–120 pp', 'Ice Cream Shop in Sandown Rd.', array['ice cream shop', 'dessert shop', 'confectionery']::text[], '{"mon":[{"open":"08:30","close":"18:00"}],"tue":[{"open":"08:30","close":"18:00"}],"wed":[{"open":"08:30","close":"18:00"}],"thu":[{"open":"08:30","close":"18:00"}],"fri":[{"open":"08:30","close":"18:00"}],"sat":[{"open":"08:30","close":"18:00"}],"sun":[{"open":"08:30","close":"16:00"}]}'::jsonb, 'Shop 1 The Emporium Centre, Sandown Rd, Sunningdale, Cape Town', '+27 62 927 2151', 'http://icecreambay.com/', null, '{}'::text[], 4, 84, 88, '2026-07-22', 'ChIJsW1XpYpfzB0RL3NANXOnzXs'),
  ('the-dairy-den-sandown-retail-crossing', 'The Dairy Den - Sandown Retail Crossing', 'family', 'blouberg', -33.8010482, 18.5033373, 2, 'R120–250 pp', 'Ice Cream Shop in Parklands.', array['ice cream shop', 'dessert shop', 'confectionery']::text[], '{"mon":[{"open":"08:00","close":"20:00"}],"tue":[{"open":"08:00","close":"20:00"}],"wed":[{"open":"08:00","close":"20:00"}],"thu":[{"open":"08:00","close":"21:00"}],"fri":[{"open":"08:00","close":"21:00"}],"sat":[{"open":"08:00","close":"21:00"}],"sun":[{"open":"08:00","close":"20:00"}]}'::jsonb, 'Shop G12b, Cnr Wood Drive &, Sandown Rd, Parklands, Cape Town, 7441', '+27 72 726 6768', 'https://www.thedairyden.com/', null, '{}'::text[], 4.4, 26, 89, '2026-07-22', 'ChIJTYX-D99fzB0RChOSjxL8Q0Q'),
  ('dolphin-beach', 'Dolphin Beach', 'family', 'blouberg', -33.8294248, 18.481788299999998, 2, 'R120–250 pp', 'Playground in Tafelsig.', array['playground']::text[], '{"mon":[{"open":"00:00","close":"24:00"}],"tue":[{"open":"00:00","close":"24:00"}],"wed":[{"open":"00:00","close":"24:00"}],"thu":[{"open":"00:00","close":"24:00"}],"fri":[{"open":"00:00","close":"24:00"}],"sat":[{"open":"00:00","close":"24:00"}],"sun":[{"open":"00:00","close":"24:00"}]}'::jsonb, '1 Marine Drive, Dolphin Beach, Tafelsig, Kaapstad, 7441', null, null, null, '{}'::text[], 4.8, 25, 90, '2026-07-22', 'ChIJBa0zdS1fzB0R2y1SrA0dYrY'),
  ('sempre-espresso', 'Sempre Espresso', 'family', 'blouberg', -33.813302199999995, 18.4708395, 2, 'R120–250 pp', 'Coffee Stand in Table View.', array['coffee stand', 'ice cream shop', 'dessert shop']::text[], '{"mon":[],"tue":[{"open":"08:15","close":"17:00"}],"wed":[{"open":"08:15","close":"17:00"}],"thu":[{"open":"08:15","close":"17:00"}],"fri":[{"open":"08:15","close":"17:00"}],"sat":[{"open":"08:15","close":"17:00"}],"sun":[{"open":"08:15","close":"17:00"}]}'::jsonb, 'Blaauwberg, Otto du Plessis Dr, Table View, Cape Town, 7441', '+27 69 687 3215', null, null, '{}'::text[], 5, 21, 91, '2026-07-22', 'ChIJGZzjtbpfzB0R2jG2_ZYyWn0'),
  ('atlantic-beach-links', 'Atlantic Beach Links', 'classes', 'blouberg', -33.736046, 18.4528279, 2, 'R120–250 pp', 'Sports Club in Atlantic Beach Golf Estate.', array['sports club', 'association or organization']::text[], '{"mon":[{"open":"07:00","close":"19:00"}],"tue":[{"open":"07:00","close":"19:00"}],"wed":[{"open":"07:00","close":"19:00"}],"thu":[{"open":"07:00","close":"19:00"}],"fri":[{"open":"07:00","close":"19:00"}],"sat":[{"open":"07:00","close":"19:00"}],"sun":[{"open":"07:00","close":"19:00"}]}'::jsonb, '1 Fairway Drive, Melkbosstrand, Atlantic Beach Golf Estate, Cape Town, 7441', '+27 21 553 2223', 'http://www.atlanticbeachestate.co.za/', null, '{}'::text[], 4.3, 863, 92, '2026-07-22', 'ChIJta9IvOr0zB0RXFLBLpgxQNw'),
  ('the-thursty-turtle', 'The Thursty Turtle', 'classes', 'blouberg', -33.8200564, 18.4784203, 1, 'R50–120 pp', 'Bar in Table View.', array['bar', 'sports bar', 'sports club']::text[], '{"mon":[{"open":"11:00","close":"02:00"}],"tue":[{"open":"11:00","close":"02:00"}],"wed":[{"open":"11:00","close":"02:00"}],"thu":[{"open":"11:00","close":"02:00"}],"fri":[{"open":"11:00","close":"02:00"}],"sat":[{"open":"11:00","close":"24:00"}],"sun":[{"open":"11:00","close":"02:00"}]}'::jsonb, 'Shop 2A, Blue Waters Centre, 2 Porterfield Rd, Table View, Cape Town, 7441', '+27 76 129 4536', null, null, '{}'::text[], 4.2, 776, 93, '2026-07-22', 'ChIJYw9S13RfzB0RQXKiFyCmLdM'),
  ('sunningdale-sports-complex', 'Sunningdale Sports Complex', 'classes', 'blouberg', -33.8026695, 18.4868316, 2, 'R120–250 pp', 'Sports Complex in Milnerton Rural.', array['sports complex', 'sports activity location']::text[], '{"mon":[{"open":"07:30","close":"16:00"}],"tue":[{"open":"07:30","close":"16:00"}],"wed":[{"open":"07:30","close":"16:00"}],"thu":[{"open":"07:30","close":"16:00"}],"fri":[{"open":"07:30","close":"16:00"}],"sat":[],"sun":[]}'::jsonb, 'Waterville St, Milnerton Rural, Cape Town, 7441', '+27 21 554 0292', null, null, '{}'::text[], 4.4, 326, 94, '2026-07-22', 'ChIJa8SwpnxfzB0RfMlrR56QeSs'),
  ('isla-malie-tropical-spa-tableview', 'Isla Malie Tropical Spa Tableview', 'classes', 'blouberg', -33.822549099999996, 18.481681899999998, 2, 'R120–250 pp', 'Massage spa in Tableview.', array['massage spa', 'yoga studio', 'juice shop']::text[], '{"mon":[{"open":"09:00","close":"19:00"}],"tue":[{"open":"09:00","close":"19:00"}],"wed":[{"open":"09:00","close":"19:00"}],"thu":[{"open":"09:00","close":"19:00"}],"fri":[{"open":"09:00","close":"19:00"}],"sat":[{"open":"09:00","close":"17:00"}],"sun":[{"open":"09:00","close":"17:00"}]}'::jsonb, '27 Blaauwberg Rd, Tableview, Cape Town, 7441', '+27 73 913 0253', 'https://islamalie.co.za/', null, '{}'::text[], 4.8, 286, 95, '2026-07-22', 'ChIJd8GN24L1zB0RDZZ31hGlcOs'),
  ('milnerton-aquatic-club', 'Milnerton Aquatic Club', 'classes', 'blouberg', -33.8365128, 18.4937141, 2, 'R120–250 pp', 'Sports Club in Bloubergstrand.', array['sports club', 'sports complex', 'sports activity location']::text[], '{"mon":[{"open":"08:00","close":"17:00"}],"tue":[{"open":"09:00","close":"17:00"}],"wed":[{"open":"09:00","close":"19:00"}],"thu":[{"open":"08:00","close":"19:00"}],"fri":[{"open":"08:00","close":"19:00"}],"sat":[{"open":"08:00","close":"19:00"}],"sun":[{"open":"08:00","close":"19:00"}]}'::jsonb, 'Grey Ave, Bloubergstrand, Cape Town, 7441', '+27 21 557 7090', 'http://www.milnertonaquaticclub.co.za/', null, '{}'::text[], 4.6, 241, 96, '2026-07-22', 'ChIJ-c4R4iFfzB0RIuzcKpy9kp8'),
  ('tableview-sports-facility', 'Tableview Sports Facility', 'classes', 'blouberg', -33.829490899999996, 18.487482099999998, 2, 'R120–250 pp', 'Sports Complex in Birkenhead Rd.', array['sports complex', 'sports club', 'association or organization']::text[], '{"mon":[{"open":"00:00","close":"24:00"}],"tue":[{"open":"00:00","close":"24:00"}],"wed":[{"open":"00:00","close":"24:00"}],"thu":[{"open":"00:00","close":"24:00"}],"fri":[{"open":"00:00","close":"24:00"}],"sat":[{"open":"00:00","close":"24:00"}],"sun":[{"open":"00:00","close":"24:00"}]}'::jsonb, 'Birkenhead Rd, Table View, 7441', '+27 21 557 6886', null, null, '{}'::text[], 4.2, 216, 97, '2026-07-22', 'ChIJ59WF1Q9fzB0Rqwy2-e370Ng'),
  ('gracie-jiu-jitsu-cape-town', 'Gracie Jiu Jitsu Cape Town', 'classes', 'blouberg', -33.822456599999995, 18.491638599999998, 2, 'R120–250 pp', 'Sports School in Table View.', array['sports school', 'sports activity location', 'health']::text[], '{"mon":[{"open":"11:30","close":"20:30"}],"tue":[{"open":"15:30","close":"20:30"}],"wed":[{"open":"11:30","close":"20:30"}],"thu":[{"open":"15:30","close":"20:30"}],"fri":[{"open":"11:30","close":"20:30"}],"sat":[{"open":"08:00","close":"12:30"}],"sun":[]}'::jsonb, 'Delphi Arch Building, 12 Raats Dr, Table View, Cape Town, 7441', '+27 81 400 1130', 'http://www.graciejiujitsu.co.za/', null, '{}'::text[], 5, 160, 98, '2026-07-22', 'ChIJlcpcujtfzB0RJz14IgclsQA'),
  ('maximillian-jiu-jitsu', 'Maximillian Jiu Jitsu', 'classes', 'blouberg', -33.830987199999996, 18.5066182, 2, 'R120–250 pp', 'Sports School in Table View.', array['gym', 'sports activity location', 'sports school']::text[], '{"mon":[{"open":"16:00","close":"19:30"}],"tue":[{"open":"05:30","close":"06:30"},{"open":"16:00","close":"19:30"}],"wed":[{"open":"16:00","close":"19:30"}],"thu":[{"open":"05:30","close":"06:30"},{"open":"16:00","close":"19:30"}],"fri":[{"open":"18:00","close":"19:00"}],"sat":[{"open":"09:00","close":"10:30"}],"sun":[]}'::jsonb, 'Unit 22A, Flamingo Square, 212 Blaauwberg Rd, Table View, Cape Town, 7439', '+27 76 122 2622', 'https://maxjj.co.za/', null, '{}'::text[], 5, 151, 99, '2026-07-22', 'ChIJJ-tPJWtfzB0Rteh3bsS9MFA'),
  ('paintball-pyrozone', 'Paintball PyroZone', 'classes', 'blouberg', -33.717265600000005, 18.4498612, 2, 'R120–250 pp', 'Paintball Center in Robben Rd.', array['paintball center', 'sports complex', 'athletic field']::text[], '{"mon":[],"tue":[{"open":"09:00","close":"17:00"}],"wed":[{"open":"09:00","close":"17:00"}],"thu":[{"open":"09:00","close":"17:00"}],"fri":[{"open":"09:00","close":"17:00"}],"sat":[{"open":"09:00","close":"17:01"}],"sun":[{"open":"09:00","close":"16:00"}]}'::jsonb, 'Robben Rd, Melkbosstrand, 7437', '+27 72 609 9493', 'http://www.paintballpyrozone.co.za/', null, '{}'::text[], 4.3, 137, 100, '2026-07-22', 'ChIJFUe1CqD0zB0RdUdbjLd8wgk'),
  ('khaya-kite-and-yoga-house', 'Khaya Kite and Yoga House', 'classes', 'blouberg', -33.816728399999995, 18.4798475, 2, 'R120–250 pp', 'Simple dorms & warm rooms in a laid-back hostel offering an outdoor pool, daily yoga & a kitchen.', array['hostel', 'guest house', 'sauna']::text[], '{"mon":[{"open":"00:00","close":"24:00"}],"tue":[{"open":"00:00","close":"24:00"}],"wed":[{"open":"00:00","close":"24:00"}],"thu":[{"open":"00:00","close":"24:00"}],"fri":[{"open":"00:00","close":"24:00"}],"sat":[{"open":"00:00","close":"24:00"}],"sun":[{"open":"00:00","close":"24:00"}]}'::jsonb, '8 Crinum Rd, Table View, Cape Town, 7441', '+27 72 377 0575', 'http://www.khayakitehouse.com/', null, '{}'::text[], 4.9, 94, 101, '2026-07-22', 'ChIJ-xirEfRfzB0RIprg54INJEc'),
  ('watersports-warehouse', 'Watersports Warehouse', 'classes', 'blouberg', -33.8227674, 18.477896299999998, 2, 'R120–250 pp', 'Store in Bloubergstrand.', array['sports coaching', 'sporting goods store', 'school']::text[], '{"mon":[{"open":"09:00","close":"17:00"}],"tue":[{"open":"09:00","close":"17:00"}],"wed":[{"open":"09:00","close":"17:00"}],"thu":[{"open":"09:00","close":"17:00"}],"fri":[{"open":"09:00","close":"17:00"}],"sat":[{"open":"09:00","close":"14:00"}],"sun":[{"open":"10:00","close":"13:00"}]}'::jsonb, 'Shop 1, Portico 3, Athens Rd, Bloubergstrand, Cape Town, 7441', '+27 21 555 3164', 'https://www.watersportswarehouse.co.za/', null, '{}'::text[], 4.7, 83, 102, '2026-07-22', 'ChIJmUbHLbqLtAERiFTLg5pZsvw'),
  ('chaitanya-school-of-yoga', 'Chaitanya School of Yoga', 'classes', 'blouberg', -33.8156949, 18.4974998, 2, 'R120–250 pp', 'Yoga Studio in Parklands.', array['yoga studio', 'fitness center', 'sports complex']::text[], '{"mon":[{"open":"18:00","close":"19:30"}],"tue":[{"open":"08:30","close":"10:00"},{"open":"18:00","close":"19:30"}],"wed":[],"thu":[{"open":"08:30","close":"10:00"},{"open":"18:00","close":"19:30"}],"fri":[],"sat":[{"open":"10:00","close":"11:15"}],"sun":[]}'::jsonb, 'Unit C11 Leonardo Park Corner Link and, Parklands Main Rd, Parklands, Cape Town, 7441', '+27 83 632 9434', 'http://www.chaitanyayoga.co.za/', null, '{}'::text[], 5, 73, 103, '2026-07-22', 'ChIJlbwHbz1fzB0R90aZmPYbGio'),
  ('united-krav-maga', 'United Krav Maga', 'classes', 'blouberg', -33.8183068, 18.4965825, 2, 'R120–250 pp', 'Sports School in Parklands.', array['fitness center', 'gym', 'sports activity location']::text[], '{"mon":[{"open":"09:00","close":"20:00"}],"tue":[{"open":"09:00","close":"21:00"}],"wed":[{"open":"09:00","close":"20:00"}],"thu":[{"open":"09:00","close":"20:00"}],"fri":[{"open":"09:00","close":"17:00"}],"sat":[{"open":"08:00","close":"12:00"}],"sun":[]}'::jsonb, 'Cavalier centre, 2 Parklands Main Rd, Parklands, Cape Town, 7441', '+27 87 092 6626', 'https://www.ukm.co.za/?utm_source=google&utm_medium=wix_google_business_profile&utm_campaign=17057092918097904821', null, '{}'::text[], 4.9, 69, 104, '2026-07-22', 'ChIJc2x6ePtfzB0ReGwDYnmwAcM'),
  ('fitbae-inc', 'fitbae inc.', 'classes', 'blouberg', -33.8240003, 18.4847993, 2, 'R120–250 pp', 'Fitness center in Table View.', array['fitness center', 'gym', 'sports activity location']::text[], '{"mon":[{"open":"05:00","close":"20:00"}],"tue":[{"open":"05:00","close":"20:00"}],"wed":[{"open":"05:00","close":"20:00"}],"thu":[{"open":"05:00","close":"20:00"}],"fri":[{"open":"05:00","close":"18:00"}],"sat":[{"open":"07:00","close":"11:00"}],"sun":[]}'::jsonb, '60 Blaauwberg Rd, Table View, Cape Town, 7441', '+27 83 231 2160', 'https://fitbaeinc.co.za/', null, '{}'::text[], 5, 56, 105, '2026-07-22', 'ChIJxT67uFqH40YRjrjVF1zc0YY'),
  ('boardrooms-kite-coworking-accommodation', 'Boardrooms Kite & Coworking Accommodation', 'classes', 'blouberg', -33.8149678, 18.4773612, 2, 'R120–250 pp', 'Hotel in Bloubergstrand.', array['hotel', 'coworking space', 'gym']::text[], '{"mon":[{"open":"00:00","close":"24:00"}],"tue":[{"open":"00:00","close":"24:00"}],"wed":[{"open":"00:00","close":"24:00"}],"thu":[{"open":"00:00","close":"24:00"}],"fri":[{"open":"00:00","close":"24:00"}],"sat":[{"open":"00:00","close":"24:00"}],"sun":[{"open":"00:00","close":"24:00"}]}'::jsonb, '16 Spray Rd, Bloubergstrand, Cape Town, 7443', '+27 83 448 2177', 'https://boardrooms.capetown/', null, '{}'::text[], 5, 50, 106, '2026-07-22', 'ChIJUfTclsNfzB0RNdVxu-nmfTQ'),
  ('house-of-movement', 'House of Movement', 'classes', 'blouberg', -33.799822999999996, 18.460941899999998, 2, 'R120–250 pp', 'Yoga Studio in Bloubergstrand.', array['yoga studio', 'fitness center', 'gym']::text[], '{"mon":[{"open":"00:00","close":"24:00"}],"tue":[{"open":"00:00","close":"24:00"}],"wed":[{"open":"00:00","close":"24:00"}],"thu":[{"open":"00:00","close":"24:00"}],"fri":[{"open":"00:00","close":"24:00"}],"sat":[{"open":"00:00","close":"24:00"}],"sun":[{"open":"00:00","close":"24:00"}]}'::jsonb, '34 Sir David Baird Dr, Bloubergstrand, Cape Town, 8001', null, 'https://houseofmovement.co.za/classes/', null, '{}'::text[], 5, 49, 107, '2026-07-22', 'ChIJVd3bkJBnzB0R4l7fCFSQr8Q'),
  ('big-bay-events', 'Big Bay Events', 'classes', 'blouberg', -33.793565, 18.457278, 2, 'R120–250 pp', 'Sports Club in Big Bay.', array['sports club', 'association or organization']::text[], '{"mon":[{"open":"00:00","close":"24:00"}],"tue":[{"open":"00:00","close":"24:00"}],"wed":[{"open":"00:00","close":"24:00"}],"thu":[{"open":"00:00","close":"24:00"}],"fri":[{"open":"00:00","close":"24:00"}],"sat":[{"open":"00:00","close":"24:00"}],"sun":[{"open":"00:00","close":"24:00"}]}'::jsonb, 'Otto du Plessis Dr, Big Bay, Cape Town, 7448', '+27 21 554 3664', 'http://www.bigbayevents.co.za/', null, '{}'::text[], 4.2, 41, 108, '2026-07-22', 'ChIJD20Mbmb1zB0RDF8ty3ncHs0'),
  ('ocean-reef-swim-school', 'Ocean Reef Swim School', 'classes', 'blouberg', -33.8190461, 18.4816045, 2, 'R120–250 pp', 'Sports School in Table View.', array['sports school', 'sports activity location']::text[], '{"mon":[{"open":"09:00","close":"18:00"}],"tue":[{"open":"09:00","close":"18:30"}],"wed":[{"open":"09:00","close":"18:00"}],"thu":[{"open":"09:00","close":"18:30"}],"fri":[{"open":"09:00","close":"17:00"}],"sat":[{"open":"08:00","close":"13:00"}],"sun":[]}'::jsonb, '7 Crassula Rd, Table View, Cape Town, 7441', '+27 84 513 7879', 'https://ocean-reef-swim-school-test.webflow.io/', null, '{}'::text[], 5, 31, 109, '2026-07-22', 'ChIJ7elBDWJfzB0RSW5pRprj4ZI'),
  ('giants-gymnastics', 'Giants Gymnastics', 'classes', 'blouberg', -33.8063813, 18.4995762, 2, 'R120–250 pp', 'Sports Club in Parklands.', array['sports club', 'association or organization']::text[], '{"mon":[{"open":"00:00","close":"24:00"}],"tue":[{"open":"00:00","close":"24:00"}],"wed":[{"open":"00:00","close":"24:00"}],"thu":[{"open":"00:00","close":"24:00"}],"fri":[{"open":"00:00","close":"24:00"}],"sat":[{"open":"00:00","close":"24:00"}],"sun":[{"open":"00:00","close":"24:00"}]}'::jsonb, 'Grace Baptist Church, 77 Ringwood Dr, Parklands, Cape Town, 7441', '+27 81 271 2799', 'http://giantsblouberg.co.za/', null, '{}'::text[], 4.8, 30, 110, '2026-07-22', 'ChIJg3vDTF1fzB0RjH-B5T8_-SE'),
  ('eda-krav-maga-self-defence', 'EDA Krav Maga Self Defence', 'classes', 'blouberg', -33.742372700000004, 18.4528885, 2, 'R120–250 pp', 'Sports School in Melkbosstrand.', array['educational institution', 'sports school', 'sports activity location']::text[], '{"mon":[{"open":"09:00","close":"21:00"}],"tue":[{"open":"09:00","close":"21:00"}],"wed":[{"open":"09:00","close":"21:00"}],"thu":[{"open":"09:00","close":"21:00"}],"fri":[{"open":"09:00","close":"21:00"}],"sat":[],"sun":[]}'::jsonb, '8 Harbour Lights Ln, Melkbosstrand, Cape Town, 7441', '+27 82 454 7636', 'http://www.edakravmaga.com/', null, '{}'::text[], 5, 25, 111, '2026-07-22', 'ChIJQUF0W6T1zB0RyIYONZLW1oI'),
  ('laughing-waters-swim-school-milnerton-ca', 'Laughing Waters Swim School - Milnerton, Cape Town', 'classes', 'blouberg', -33.856066399999996, 18.506198599999998, 2, 'R120–250 pp', 'Sports School in Milnerton Ridge.', array['school', 'educational institution', 'sports school']::text[], '{"mon":[{"open":"09:00","close":"19:00"}],"tue":[{"open":"09:00","close":"19:00"}],"wed":[{"open":"09:00","close":"19:00"}],"thu":[{"open":"09:00","close":"19:00"}],"fri":[{"open":"09:00","close":"19:00"}],"sat":[{"open":"08:30","close":"13:30"}],"sun":[]}'::jsonb, '21 Fairview Cres, Milnerton Ridge, Cape Town, 7441', '+27 83 458 5897', 'http://www.laughingwatersct.co.za/', null, '{}'::text[], 4.6, 23, 112, '2026-07-22', 'ChIJJwcx6MZezB0RslZN8gH6u0s'),
  ('madx-muay-thai-boxing-fitness', 'MadX Muay Thai Boxing Fitness', 'classes', 'blouberg', -33.7806595, 18.4543554, 2, 'R120–250 pp', 'Sports Coaching in 26 Santa Cruz Cres.', array['sports coaching', 'gym', 'sports complex']::text[], '{"mon":[{"open":"08:00","close":"17:00"}],"tue":[{"open":"08:00","close":"17:00"}],"wed":[{"open":"08:00","close":"17:00"}],"thu":[{"open":"08:00","close":"13:00"}],"fri":[{"open":"08:00","close":"12:30"}],"sat":[],"sun":[]}'::jsonb, 'La Paloma, 26 Santa Cruz Cres, Cape Town, 7441', '+27 82 877 8323', 'https://www.facebook.com/MadXfitness', null, '{}'::text[], 4.9, 21, 113, '2026-07-22', 'ChIJGWDB-7n1zB0RK_M-tEJQfaM'),
  ('inmotion-create-your-balance', 'INMOTION – CREATE YOUR BALANCE', 'classes', 'blouberg', -33.8506964, 18.4900692, 2, 'R120–250 pp', 'Local spot in Sunset Beach.', array['yoga studio', 'fitness center', 'tourist attraction']::text[], '{"mon":[{"open":"06:00","close":"21:00"}],"tue":[{"open":"07:00","close":"20:00"}],"wed":[{"open":"07:00","close":"20:00"}],"thu":[{"open":"07:00","close":"20:00"}],"fri":[{"open":"07:00","close":"21:00"}],"sat":[{"open":"07:00","close":"20:00"}],"sun":[{"open":"07:00","close":"21:00"}]}'::jsonb, '23 Soluta St, Sunset Beach, Cape Town, 7441', '+27 76 981 1034', 'http://inmotion-sd.com/', null, '{}'::text[], 4.8, 21, 114, '2026-07-22', 'ChIJdbUvRw1nzB0RbCY0aQoCexg'),
  ('venus-yoga-studio-sunset-beach-cape-town', 'Venus Yoga Studio, Sunset Beach, Cape Town', 'classes', 'blouberg', -33.853943099999995, 18.4899533, 2, 'R120–250 pp', 'Yoga Studio in Sunset Beach.', array['yoga studio', 'fitness center', 'sports complex']::text[], '{"mon":[{"open":"10:00","close":"15:00"}],"tue":[{"open":"10:00","close":"18:00"}],"wed":[{"open":"17:00","close":"19:00"}],"thu":[{"open":"10:00","close":"11:00"}],"fri":[],"sat":[{"open":"10:00","close":"11:00"}],"sun":[]}'::jsonb, '7 Volute Cir, Sunset Beach, Cape Town, 7441', '+27 82 809 6711', 'https://linktr.ee/venusyoga108', null, '{}'::text[], 4.7, 15, 115, '2026-07-22', 'ChIJI-gjCABfzB0R75PV2uPMxu4'),
  ('melkbosstrand-oppiesee-cultural-centre', 'Melkbosstrand Oppiesee Cultural Centre', 'arts', 'blouberg', -33.7405372, 18.4392925, 2, 'R120–250 pp', 'Cultural Center.', array['cultural center']::text[], '{"mon":[{"open":"00:00","close":"24:00"}],"tue":[{"open":"00:00","close":"24:00"}],"wed":[{"open":"00:00","close":"24:00"}],"thu":[{"open":"00:00","close":"24:00"}],"fri":[{"open":"00:00","close":"24:00"}],"sat":[{"open":"00:00","close":"24:00"}],"sun":[{"open":"00:00","close":"24:00"}]}'::jsonb, 'Otto du Plessis Dr', '+27 21 553 2581', 'https://cultural-facilities.westerncape.gov.za/spbook/facility_view.html?facno=6', null, '{}'::text[], 4.2, 163, 116, '2026-07-22', 'ChIJ46sgAMj0zB0RNoboA6w0zgA'),
  ('studio-46', 'Studio 46', 'arts', 'blouberg', -33.800464, 18.459004399999998, 2, 'R120–250 pp', 'Art Gallery in Bloubergstrand.', array['art gallery', 'jewelry store', 'service']::text[], '{"mon":[{"open":"08:30","close":"16:30"}],"tue":[{"open":"08:30","close":"16:30"}],"wed":[{"open":"08:30","close":"16:30"}],"thu":[{"open":"08:30","close":"16:30"}],"fri":[{"open":"08:30","close":"16:30"}],"sat":[{"open":"09:00","close":"13:00"}],"sun":[{"open":"09:00","close":"13:00"}]}'::jsonb, '46 Stadler Rd, Bloubergstrand, Cape Town, 7441', '+27 74 369 4294', 'http://www.studio46.co.za/', null, '{}'::text[], 5, 52, 117, '2026-07-22', 'ChIJKSHbRmL1zB0R6UI0RUmqXak'),
  ('ohana-beauty-and-wellness-day-spa', 'Ohana Beauty and Wellness Day Spa', 'chill', 'blouberg', -33.8101807, 18.469415899999998, 2, 'R120–250 pp', 'Spa in Table View.', array['spa']::text[], '{"mon":[{"open":"09:00","close":"18:00"}],"tue":[{"open":"09:00","close":"18:00"}],"wed":[{"open":"09:00","close":"19:00"}],"thu":[{"open":"09:00","close":"18:00"}],"fri":[{"open":"09:00","close":"18:00"}],"sat":[{"open":"09:00","close":"17:00"}],"sun":[{"open":"09:00","close":"16:00"}]}'::jsonb, 'Blaauwberg Beach Hotel, 106 Beach Blvd, Table View, Cape Town, 7441', '+27 72 249 3285', 'https://ohanabeautyandwellness.co.za/', null, '{}'::text[], 4.4, 222, 118, '2026-07-22', 'ChIJy7cUxTlfzB0Rh_WeFv6w9WA'),
  ('naree-authentic-thai-massage', 'Naree Authentic Thai Massage', 'chill', 'blouberg', -33.8620022, 18.5025688, 2, 'R120–250 pp', 'Massage in Milnerton.', array['massage spa', 'massage', 'spa']::text[], '{"mon":[{"open":"10:00","close":"19:00"}],"tue":[{"open":"10:00","close":"19:00"}],"wed":[{"open":"10:00","close":"19:00"}],"thu":[{"open":"10:00","close":"19:00"}],"fri":[{"open":"10:00","close":"19:00"}],"sat":[{"open":"09:00","close":"17:00"}],"sun":[{"open":"09:00","close":"17:00"}]}'::jsonb, 'First Floor Paddocks shopping centre Racecourse Road Racecourse Rd Milnerton Cape Town ZA 7441, Racecourse Rd, Milnerton, Cape Town, 7441', '+27 76 808 4136', 'http://www.naree-thai-massage.co.za/', null, '{}'::text[], 4.7, 179, 119, '2026-07-22', 'ChIJsdf8GL9ezB0RGQL0Xg8MPuY'),
  ('sawasdee-thai-spa', 'Sawasdee Thai Spa', 'chill', 'blouberg', -33.815514, 18.4937124, 2, 'R120–250 pp', 'Massage in Parklands.', array['massage', 'spa', 'service']::text[], '{"mon":[{"open":"10:00","close":"19:00"}],"tue":[{"open":"10:00","close":"19:00"}],"wed":[{"open":"10:00","close":"19:00"}],"thu":[{"open":"10:00","close":"19:00"}],"fri":[{"open":"10:00","close":"19:00"}],"sat":[{"open":"09:00","close":"17:00"}],"sun":[]}'::jsonb, 'Intercare Medical & Dental Centre Park drive &, Link Rd, Parklands, Cape Town, 7441', '+27 84 222 7882', 'http://www.sawasdeethaispa.co.za/', null, '{}'::text[], 4.6, 161, 120, '2026-07-22', 'ChIJBw_SQmxfzB0RLmN18NbLYz8'),
  ('wasana-thai-massage', 'Wasana Thai Massage', 'chill', 'blouberg', -33.8250491, 18.4916456, 2, 'R120–250 pp', 'Massage in Table View.', array['massage spa', 'massage', 'spa']::text[], '{"mon":[{"open":"09:00","close":"19:00"}],"tue":[{"open":"09:00","close":"19:00"}],"wed":[{"open":"09:00","close":"19:00"}],"thu":[{"open":"09:00","close":"19:00"}],"fri":[{"open":"09:00","close":"19:00"}],"sat":[{"open":"09:00","close":"17:00"}],"sun":[]}'::jsonb, 'Blaauwberg Therapy Centre, 103 Blaauwberg Rd, Table View, Cape Town, 7441', '+27 21 557 6066', 'https://wasanathaimassagectn.co.za/', null, '{}'::text[], 5, 133, 121, '2026-07-22', 'ChIJbdhPuawgjgMRV--bK4DuzYg'),
  ('asianblendspa-home-of-tranquility', 'AsianblendSpa Home of Tranquility', 'chill', 'blouberg', -33.816583699999995, 18.484010899999998, 2, 'R120–250 pp', 'Massage spa in Bloubergstrand.', array['massage spa', 'massage', 'spa']::text[], '{"mon":[{"open":"09:00","close":"18:30"}],"tue":[{"open":"09:00","close":"18:30"}],"wed":[{"open":"09:00","close":"18:30"}],"thu":[{"open":"09:00","close":"18:30"}],"fri":[{"open":"09:00","close":"18:30"}],"sat":[{"open":"10:00","close":"17:00"}],"sun":[{"open":"10:00","close":"15:00"}]}'::jsonb, '55 Porterfield Rd, Bloubergstrand, Cape Town, 7436', '+27 84 037 7167', 'http://www.asianblendspa.com/', null, '{}'::text[], 4.8, 116, 122, '2026-07-22', 'ChIJ6SzGr2VRzB0RoHqaKLGkRYw'),
  ('nirvana-nook-wellness-spa', 'Nirvana Nook Wellness Spa', 'chill', 'blouberg', -33.8231542, 18.505446799999998, 2, 'R120–250 pp', 'Massage spa in Table View.', array['massage spa', 'beauty salon', 'massage']::text[], '{"mon":[{"open":"09:00","close":"19:00"}],"tue":[{"open":"09:00","close":"19:00"}],"wed":[{"open":"09:00","close":"19:00"}],"thu":[{"open":"09:00","close":"19:00"}],"fri":[{"open":"09:00","close":"19:00"}],"sat":[{"open":"09:00","close":"19:00"}],"sun":[{"open":"10:00","close":"17:00"}]}'::jsonb, '12 Merlot Ave, Table View, Cape Town, 7439', '+27 76 582 3013', 'https://nirvananookwellnessspa.setmore.com/', null, '{}'::text[], 5, 100, 123, '2026-07-22', 'ChIJD_8qSMFfzB0Rrejss_Am1eM'),
  ('chiang-mai-thai-spa-massage', 'Chiang Mai Thai Spa Massage', 'chill', 'blouberg', -33.729932, 18.439856, 2, 'R120–250 pp', 'Massage in Melkbosstrand.', array['spa', 'massage', 'service']::text[], '{"mon":[{"open":"10:00","close":"19:00"}],"tue":[{"open":"10:00","close":"19:00"}],"wed":[{"open":"10:00","close":"19:00"}],"thu":[{"open":"10:00","close":"19:00"}],"fri":[{"open":"10:00","close":"19:00"}],"sat":[{"open":"10:00","close":"17:00"}],"sun":[{"open":"10:00","close":"17:00"}]}'::jsonb, '17 6th Ave, Melkbosstrand, Cape Town, 7437', '+27 21 553 1408', 'http://www.cmthaispa.co.za', null, '{}'::text[], 4.8, 81, 124, '2026-07-22', 'ChIJLdUArLr0zB0RDReH6rdz370'),
  ('rejuva-spa', 'Rejuva Spa', 'chill', 'blouberg', -33.788269, 18.4575672, 2, 'R120–250 pp', 'Spa in Big Bay.', array['spa']::text[], '{"mon":[{"open":"09:00","close":"17:00"}],"tue":[{"open":"09:00","close":"17:00"}],"wed":[{"open":"09:00","close":"17:00"}],"thu":[{"open":"09:00","close":"17:00"}],"fri":[{"open":"09:00","close":"17:00"}],"sat":[{"open":"09:00","close":"16:00"}],"sun":[]}'::jsonb, '39, Seaside Village Centre, Big Bay, Cape Town, 1446', '+27 21 554 2238', 'http://www.rejuvaspa.co.za/', null, '{}'::text[], 4.8, 68, 125, '2026-07-22', 'ChIJ7z5xLmn1zB0Rx8blh3MDhH4'),
  ('elim-spa-pedicure-products', 'Elim Spa Pedicure Products', 'chill', 'blouberg', -33.72712, 18.44352, 2, 'R120–250 pp', 'Cosmetics Store in Melkbosstrand.', array['cosmetics store', 'spa', 'educational institution']::text[], '{"mon":[{"open":"08:00","close":"16:00"}],"tue":[{"open":"08:00","close":"16:00"}],"wed":[{"open":"08:00","close":"16:00"}],"thu":[{"open":"08:00","close":"16:00"}],"fri":[{"open":"08:00","close":"16:00"}],"sat":[],"sun":[]}'::jsonb, 'Elim House, 1 12th Ave, Melkbosstrand, Cape Town, 7437', '+27 21 553 2309', 'http://www.elimspaproducts.co.za/', null, '{}'::text[], 5, 61, 126, '2026-07-22', 'ChIJIfCnmab0zB0RRav7C8ajWdA'),
  ('lilac-beauty-lashes-skin-brows', 'Lilac Beauty. Lashes, Skin & Brows', 'chill', 'blouberg', -33.743769199999996, 18.4493732, 2, 'R120–250 pp', 'Beauty Salon in Melkbosstrand.', array['beauty salon', 'massage spa', 'skin care clinic']::text[], '{"mon":[{"open":"09:00","close":"18:00"}],"tue":[{"open":"09:00","close":"13:00"},{"open":"14:00","close":"18:00"}],"wed":[{"open":"09:00","close":"13:00"},{"open":"14:00","close":"18:00"}],"thu":[{"open":"09:00","close":"13:00"},{"open":"14:00","close":"18:00"}],"fri":[{"open":"08:00","close":"13:00"}],"sat":[{"open":"10:00","close":"15:00"}],"sun":[]}'::jsonb, '18 Atlantic Beach Dr, Melkbosstrand, Cape Town, 7441', '+27 71 583 3352', 'https://www.fresha.com/book-now/lilac-beauty-skin-brows-lashes-jsljdh1p/all-offer?pId=879866', null, '{}'::text[], 5, 47, 127, '2026-07-22', 'ChIJ32UkZHFfzB0R3JmReclf_Vc'),
  ('chalila-spa-wellness', 'Chalila Spa & Wellness', 'chill', 'blouberg', -33.8357596, 18.4942592, 2, 'R120–250 pp', 'Spa in Table View.', array['spa', 'beauty salon', 'massage spa']::text[], '{"mon":[{"open":"09:00","close":"18:00"}],"tue":[{"open":"09:00","close":"18:00"}],"wed":[{"open":"09:00","close":"18:00"}],"thu":[{"open":"09:00","close":"18:00"}],"fri":[{"open":"09:00","close":"18:00"}],"sat":[{"open":"09:00","close":"18:00"}],"sun":[]}'::jsonb, '20 Sandpiper Cres, Table View, Cape Town, 7441', '+27 71 587 4608', 'https://chalilawellness.co.za/', null, '{}'::text[], 4.8, 42, 128, '2026-07-22', 'ChIJyWPf6HTc5GURcSBUBJFmAdw'),
  ('basic-touch-health-beauty-clinic-cc', 'Basic Touch Health & Beauty Clinic cc', 'chill', 'blouberg', -33.8171162, 18.4975173, 2, 'R120–250 pp', 'Spa in Parklands.', array['spa', 'health']::text[], '{"mon":[{"open":"09:00","close":"17:00"}],"tue":[{"open":"09:00","close":"17:00"}],"wed":[{"open":"09:00","close":"17:00"}],"thu":[{"open":"09:00","close":"17:00"}],"fri":[{"open":"09:00","close":"17:00"}],"sat":[{"open":"08:30","close":"14:00"}],"sun":[]}'::jsonb, 'Shop 6, 14 Parklands Walk, Parklands, Cape Town, 7441', '+27 83 794 1845', 'http://www.basictouch.co.za/', null, '{}'::text[], 4.8, 42, 129, '2026-07-22', 'ChIJs7P8LBVfzB0RuRJw8l00vq0'),
  ('atlantic-boutique', 'Atlantic Boutique', 'chill', 'blouberg', -33.739798799999996, 18.4523497, 2, 'R120–250 pp', 'Beauty Salon in Melkbosstrand.', array['beauty salon', 'massage spa', 'nail salon']::text[], '{"mon":[{"open":"08:00","close":"15:00"}],"tue":[{"open":"08:00","close":"17:00"}],"wed":[{"open":"08:00","close":"17:00"}],"thu":[{"open":"08:00","close":"17:00"}],"fri":[{"open":"08:00","close":"17:00"}],"sat":[{"open":"08:00","close":"15:00"}],"sun":[]}'::jsonb, '1 Fairway Drive Atlantic Beach Golf Estate, Melkbosstrand, Cape Town, 7441', '+27 61 524 9081', 'http://atlanticboutique.co.za/', null, '{}'::text[], 4.8, 36, 130, '2026-07-22', 'ChIJ66-Nver0zB0R9HrqoZom5TI'),
  ('the-jacobs-cottage', 'The Jacobs Cottage', 'chill', 'blouberg', -33.835049999999995, 18.497709999999998, 2, 'R120–250 pp', 'Massage spa in Flamingo Vlei.', array['massage spa', 'massage', 'spa']::text[], '{"mon":[{"open":"09:00","close":"18:30"}],"tue":[{"open":"09:00","close":"18:30"}],"wed":[{"open":"09:00","close":"18:30"}],"thu":[{"open":"09:00","close":"18:30"}],"fri":[{"open":"09:00","close":"18:30"}],"sat":[{"open":"09:00","close":"13:00"}],"sun":[]}'::jsonb, '60 Pentz Dr, Flamingo Vlei, Cape Town, 7441', '+27 69 548 7754', 'http://instagram.com/the_jacobs_cottage', null, '{}'::text[], 4.8, 34, 131, '2026-07-22', 'ChIJtcVhQR9fzB0RuD1GDcNR-0s'),
  ('blonde-beard', 'Blonde&Beard', 'chill', 'blouberg', -33.792498699999996, 18.4584266, 2, 'R120–250 pp', 'Hair Salon in Big Bay.', array['hair salon', 'makeup artist', 'nail salon']::text[], '{"mon":[],"tue":[{"open":"09:00","close":"18:00"}],"wed":[{"open":"09:00","close":"18:00"}],"thu":[{"open":"09:00","close":"18:00"}],"fri":[{"open":"09:00","close":"18:00"}],"sat":[{"open":"09:00","close":"17:00"}],"sun":[]}'::jsonb, 'Eden on the Bay Big Bay, Big Bay, Cape Town, 7441', '+27 21 554 0638', null, null, '{}'::text[], 4.5, 27, 132, '2026-07-22', 'ChIJZy-DJGtfzB0RC05xZaBsI9I'),
  ('gaia-guest-house-health-hydro', 'Gaia Guest House & Health Hydro', 'chill', 'blouberg', -33.8570257, 18.4941225, 2, 'R120–250 pp', 'Guest House in Sunset Beach.', array['guest house', 'spa', 'lodging']::text[], '{"mon":[{"open":"00:00","close":"24:00"}],"tue":[{"open":"00:00","close":"24:00"}],"wed":[{"open":"00:00","close":"24:00"}],"thu":[{"open":"00:00","close":"24:00"}],"fri":[{"open":"00:00","close":"24:00"}],"sat":[{"open":"00:00","close":"24:00"}],"sun":[{"open":"00:00","close":"24:00"}]}'::jsonb, '29 Diluta Dr, Sunset Beach, Milnerton, 7441', '+27 79 583 3500', 'https://gaiahydrospa.wixsite.com/my-site', null, '{}'::text[], 3.6, 26, 133, '2026-07-22', 'ChIJRZJOk9ZfzB0RuVX8ID0bM0k'),
  ('ozone-hocatt-therapy-at-genesis-03-welln', 'Ozone Hocatt Therapy at Genesis 03 Wellness', 'chill', 'blouberg', -33.8379036, 18.5090303, 2, 'R120–250 pp', 'Spa in Flamingo Vlei.', array['spa', 'health']::text[], '{"mon":[{"open":"07:30","close":"17:00"}],"tue":[{"open":"07:30","close":"17:00"}],"wed":[{"open":"07:30","close":"17:00"}],"thu":[{"open":"07:30","close":"17:00"}],"fri":[{"open":"07:30","close":"17:00"}],"sat":[],"sun":[]}'::jsonb, '180 Pentz Dr, Flamingo Vlei, Cape Town, 7411', '+27 76 943 4110', 'https://www.facebook.com/genesis03wellness', null, '{}'::text[], 5, 25, 134, '2026-07-22', 'ChIJYRSAztZfzB0R4i-Kj0LD9xE'),
  ('blouberg-medi-spa', 'Blouberg Medi Spa', 'chill', 'blouberg', -33.8074654, 18.4810056, 2, 'R120–250 pp', 'Spa in West Beach.', array['spa', 'health']::text[], '{"mon":[{"open":"08:00","close":"17:00"}],"tue":[{"open":"08:00","close":"17:00"}],"wed":[{"open":"08:00","close":"17:00"}],"thu":[{"open":"08:00","close":"17:00"}],"fri":[{"open":"08:00","close":"17:00"}],"sat":[{"open":"09:00","close":"17:00"}],"sun":[]}'::jsonb, '7 Sandown Rd, West Beach, Cape Town, 7441', '+27 83 375 9078', 'http://www.bloubergmedispa.co.za/', null, '{}'::text[], 4.6, 25, 135, '2026-07-22', 'ChIJWznQQn9fzB0RRmYUkylbhQg')
on conflict (id) do update set
  name = excluded.name, category = excluded.category, area = excluded.area,
  lat = excluded.lat, lng = excluded.lng, price_band = excluded.price_band,
  price_estimate = excluded.price_estimate, blurb = excluded.blurb,
  tags = excluded.tags, hours = excluded.hours, address = excluded.address,
  phone = excluded.phone, website = excluded.website,
  booking_url = excluded.booking_url, rating = excluded.rating,
  review_count = excluded.review_count, sort_order = excluded.sort_order,
  updated_at = excluded.updated_at, google_place_id = excluded.google_place_id;

insert into public.collections (key, label, description, icon, palette_key, rule, sort_order)
values
  ('lowkey', 'Lowkey gems', 'Local favourites, low fuss', 'sparkles', 'chill', null, 0),
  ('firstdate', 'First-date spots', 'Easy charm, good light', 'heart', 'bars', null, 1),
  ('free', 'Free this weekend', 'Big days out, zero cost', 'gift', 'free', 'free', 2),
  ('rainy', 'Rainy-day ideas', 'Great indoors', 'umbrella', 'arts', null, 3),
  ('sunset', 'Sunset sessions', 'Golden-hour magic', 'sunset', 'eat', null, 4),
  ('family', 'Family day out', 'Kid-approved', 'flower', 'family', null, 5)
on conflict (key) do nothing;

insert into public.collection_spots (collection_key, spot_id, position)
values
  ('lowkey', 'obscafe', 0),
  ('lowkey', 'kalkfish', 1),
  ('lowkey', 'signalhill', 2),
  ('lowkey', 'bootlegger', 3),
  ('lowkey', 'superette', 4),
  ('lowkey', 'seapointprom', 5),
  ('firstdate', 'kloof', 0),
  ('firstdate', 'causeeffect', 1),
  ('firstdate', 'sundowners', 2),
  ('firstdate', 'pottery', 3),
  ('firstdate', 'lionshead', 4),
  ('rainy', 'zeitz', 0),
  ('rainy', 'aquarium', 1),
  ('rainy', 'truth', 2),
  ('rainy', 'pottery', 3),
  ('rainy', 'capemalay', 4),
  ('rainy', 'obscafe', 5),
  ('sunset', 'lionshead', 0),
  ('sunset', 'sundowners', 1),
  ('sunset', 'signalhill', 2),
  ('sunset', 'seapointprom', 3),
  ('sunset', 'campsbeach', 4),
  ('sunset', 'bluepeter', 5),
  ('family', 'aquarium', 0),
  ('family', 'boulders', 1),
  ('family', 'constantiapicnic', 2),
  ('family', 'campsbeach', 3),
  ('family', 'biscuitmill', 4),
  ('family', 'doodles', 5)
on conflict (collection_key, spot_id) do nothing;
